rysxai_profession_id,major_code,major_name,level,category,subject,degree,limit_year,heat,is_hot
1,010101,哲学,本科,哲学,哲学类,哲学学士,四年,2511148,true
2,010102,逻辑学,本科,哲学,哲学类,哲学学士,四年,1105452,true
3,010103,宗教学,本科,哲学,哲学类,哲学学士,四年,638128,true
4,010104,伦理学,本科,哲学,哲学类,哲学学士,四年,708557,true
5,020101,经济学,本科,经济学,经济学类,经济学学士,四年,2534798,true
6,020102,经济统计学,本科,经济学,经济学类,经济学学士,四年,700996,true
7,020103,国民经济管理,本科,经济学,经济学类,经济学学士,四年,685463,true
8,020104,资源与环境经济学,本科,经济学,经济学类,经济学学士,四年,2353434,true
9,020105,商务经济学,本科,经济学,经济学类,经济学学士,四年,3318946,true
10,020106,能源经济,本科,经济学,经济学类,经济学学士,四年,692764,true
11,020107,劳动经济学,本科,经济学,经济学类,经济学学士,四年,176021,false
12,020108,经济工程,本科,经济学,经济学类,经济学学士,四年,210267,false
13,020109,数字经济,本科,经济学,经济学类,经济学学士,四年,391100,true
2251,020110TK,低空经济与管理,本科,经济学,经济学类,管理学学士,四年,229,false
2252,020111T,资源环境审计,本科,经济学,经济学类,经济学学士,四年,101,false
14,020201,财政学,本科,经济学,财政学类,经济学学士,四年,1333058,true
15,020202,税收学,本科,经济学,财政学类,经济学学士,四年,613203,true
1573,020203,国际税收,本科,经济学,财政学类,经济学学士,四年,10792,false
16,020301,金融学,本科,经济学,金融学类,经济学学士,四年,2283843,true
17,020302,金融工程,本科,经济学,金融学类,经济学学士,四年,1689499,true
18,020303,保险学,本科,经济学,金融学类,经济学学士,四年,257103,true
19,020304,投资学,本科,经济学,金融学类,经济学学士,四年,838718,true
20,020305,金融数学,本科,经济学,金融学类,经济学学士,四年,805815,true
2137,020306,信用管理,本科,经济学,金融学类,"经济学学士,管理学学士",四年,403343,true
22,020307,经济与金融,本科,经济学,金融学类,经济学学士,四年,828248,true
23,020308,精算学,本科,经济学,金融学类,"经济学学士,理学学士",四年,507333,true
24,020309,互联网金融,本科,经济学,金融学类,经济学学士,四年,303244,true
25,020310,金融科技,本科,经济学,金融学类,经济学学士,四年,234626,false
1604,020311,金融审计,本科,经济学,金融学类,经济学学士,四年,,false
2253,020312TK,数字金融,本科,经济学,金融学类,经济学学士,四年,91,false
2136,020401,国际经济与贸易,本科,经济学,经济与贸易类,经济学学士,四年,938629,true
27,020402,贸易经济,本科,经济学,经济与贸易类,经济学学士,四年,526102,true
1574,020403,国际经济发展合作,本科,经济学,经济与贸易类,经济学学士,四年,9186,false
2254,020404TK,数字贸易,本科,经济学,经济与贸易类,经济学学士,四年,77,false
28,030101,法学,本科,法学,法学类,法学学士,四年,3918400,true
29,030102,知识产权,本科,法学,法学类,法学学士,四年,762535,true
30,030103,监狱学,本科,法学,法学类,法学学士,四年,805968,true
31,030104,信用风险管理与法律防控,本科,法学,法学类,法学学士,四年,148121,false
32,030105,国际经贸规则,本科,法学,法学类,法学学士,四年,146871,false
33,030106,司法警察学,本科,法学,法学类,法学学士,四年,412383,true
34,030107,社区矫正,本科,法学,法学类,法学学士,四年,117761,false
1575,030108,纪检监察,本科,法学,法学类,法学学士,四年,23189,false
1605,030109,国际法,本科,法学,法学类,法学学士,四年,,false
1606,030110,司法鉴定学,本科,法学,法学类,法学学士,四年,,false
2170,030111TK,国家安全学,本科,法学,法学类,法学学士,四年,,false
2171,030112TK,海外利益安全,本科,法学,法学类,法学学士,四年,,false
35,030201,政治学与行政学,本科,法学,政治学类,法学学士,四年,398858,true
36,030202,国际政治,本科,法学,政治学类,法学学士,四年,357645,true
37,030203,外交学,本科,法学,政治学类,法学学士,四年,534362,true
38,030204,国际事务与国际关系,本科,法学,政治学类,法学学士,四年,213550,false
39,030205,政治学、经济学与哲学,本科,法学,政治学类,法学学士,四年,585560,true
40,030206,国际组织与全球治理,本科,法学,政治学类,法学学士,四年,85105,false
41,030301,社会学,本科,法学,社会学类,法学学士,四年,757665,true
2138,030302,社会工作,本科,法学,社会学类,法学学士,四年,416014,true
43,030303,人类学,本科,法学,社会学类,法学学士,四年,239793,false
44,030304,女性学,本科,法学,社会学类,法学学士,四年,445182,true
45,030305,家政学,本科,法学,社会学类,法学学士,四年,245657,false
46,030306,老年学,本科,法学,社会学类,法学学士,四年,98653,false
1538,030307,社会政策,本科,法学,社会学类,法学学士,四年,46014,false
47,030401,民族学,本科,法学,民族学类,法学学士,四年,308836,true
48,030501,科学社会主义,本科,法学,马克思主义理论类,法学学士,四年,200261,false
49,030502,中国共产党历史,本科,法学,马克思主义理论类,法学学士,四年,174265,false
50,030503,思想政治教育,本科,法学,马克思主义理论类,法学学士,四年,373752,true
51,030504,马克思主义理论,本科,法学,马克思主义理论类,法学学士,四年,250537,false
1607,030505,工会学,本科,法学,马克思主义理论类,法学学士,四年,,false
52,030601,治安学,本科,法学,公安学类,法学学士,四年,344839,true
53,030602,侦查学,本科,法学,公安学类,法学学士,四年,830647,true
54,030603,边防管理,本科,法学,公安学类,法学学士,四年,149386,false
55,030604,禁毒学,本科,法学,公安学类,法学学士,四年,226262,false
56,030605,警犬技术,本科,法学,公安学类,法学学士,四年,225634,false
57,030606,经济犯罪侦查,本科,法学,公安学类,法学学士,四年,168292,false
58,030607,边防指挥,本科,法学,公安学类,法学学士,四年,105141,false
59,030608,消防指挥,本科,法学,公安学类,法学学士,四年,146729,false
60,030609,警卫学,本科,法学,公安学类,法学学士,四年,218179,false
61,030610,公安情报学,本科,法学,公安学类,法学学士,四年,211115,false
62,030611,犯罪学,本科,法学,公安学类,法学学士,四年,481094,true
63,030612,公安管理学,本科,法学,公安学类,法学学士,四年,304082,true
64,030613,涉外警务,本科,法学,公安学类,法学学士,四年,411452,true
65,030614,国内安全保卫,本科,法学,公安学类,法学学士,四年,468972,true
66,030615,警务指挥与战术,本科,法学,公安学类,法学学士,四年,445384,true
67,030616,技术侦查学,本科,法学,公安学类,法学学士,四年,75253,false
68,030617,海警执法,本科,法学,公安学类,法学学士,四年,45313,false
69,030618,公安政治工作,本科,法学,公安学类,法学学士,四年,70079,false
70,030619,移民管理,本科,法学,公安学类,法学学士,四年,66253,false
71,030620,出入境管理,本科,法学,公安学类,法学学士,四年,74682,false
1539,030621,反恐警务,本科,法学,公安学类,法学学士,四年,43114,false
1540,030622,消防政治工作,本科,法学,公安学类,法学学士,四年,39706,false
1576,030623,铁路警务,本科,法学,公安学类,法学学士,四年,8132,false
2255,030624TK,森林消防,本科,法学,公安学类,法学学士,四年,41,false
2256,030625TK,政治安全保卫,本科,法学,公安学类,法学学士,四年,48,false
72,040101,教育学,本科,教育学,教育学类,教育学学士,四年,1645906,true
73,040102,科学教育,本科,教育学,教育学类,教育学学士,四年,501867,true
74,040103,人文教育,本科,教育学,教育学类,教育学学士,四年,639598,true
75,040104,教育技术学,本科,教育学,教育学类,"教育学学士,理学学士,工学学士",四年,424395,true
76,040105,艺术教育,本科,教育学,教育学类,"教育学学士,艺术学学士",四年,353667,true
2139,040106,学前教育,本科,教育学,教育学类,教育学学士,四年,1552403,true
78,040107,小学教育,本科,教育学,教育学类,教育学学士,四年,1917271,true
79,040108,特殊教育,本科,教育学,教育学类,教育学学士,四年,596778,true
80,040109,华文教育,本科,教育学,教育学类,教育学学士,四年,366925,true
81,040110,教育康复学,本科,教育学,教育学类,教育学学士,四年,126747,true
82,040111,卫生教育,本科,教育学,教育学类,教育学学士,四年,120133,true
83,040112,认知科学与技术,本科,教育学,教育学类,教育学学士,四年,78392,true
1541,040113,融合教育,本科,教育学,教育学类,教育学学士,四年,72319,false
1577,040114,劳动教育,本科,教育学,教育学类,教育学学士,四年,5351,false
1608,040115,家庭教育,本科,教育学,教育学类,教育学学士,四年,,false
1609,040116,孤独症儿童教育,本科,教育学,教育学类,教育学学士,四年,,false
2240,040117TK,人工智能教育,本科,教育学,教育学类,,四年,185,false
2249,040118T,婴幼儿发展与健康管理,本科,教育学,教育学类,,四年,90,false
84,040201,体育教育,本科,教育学,体育学类,教育学学士,四年,890235,true
85,040202,运动训练,本科,教育学,体育学类,教育学学士,四年,182860,true
2140,040203,社会体育指导与管理,本科,教育学,体育学类,教育学学士,四年,454699,true
87,040204,武术与民族传统体育,本科,教育学,体育学类,教育学学士,四年,414025,true
88,040205,运动人体科学,本科,教育学,体育学类,教育学学士,四年,166638,true
89,040206,运动康复,本科,教育学,体育学类,"教育学学士,理学学士",四年,611484,true
2141,040207,休闲体育,本科,教育学,体育学类,教育学学士,四年,438102,true
2169,040208,体能训练,本科,教育学,体育学类,教育学学士,四年,43178,false
92,040209,冰雪运动,本科,教育学,体育学类,教育学学士,四年,38515,false
93,040210,电子竞技运动与管理,本科,教育学,体育学类,教育学学士,四年,229324,true
94,040211,智能体育工程,本科,教育学,体育学类,"教育学学士,工学学士",四年,52659,false
95,040212,体育旅游,本科,教育学,体育学类,教育学学士,四年,55949,false
96,040213,运动能力开发,本科,教育学,体育学类,"教育学学士,理学学士",四年,32342,false
2172,040214TK,足球运动,本科,教育学,体育学类,教育学学士,四年,,false
2173,040215TK,马术运动与管理,本科,教育学,体育学类,教育学学士,四年,,false
2174,040216T,体育康养,本科,教育学,体育学类,教育学学士,四年,,false
2219,040217TK,航空运动,本科,教育学,体育学类,,四年,84,false
2257,040218TK,太极拳,本科,教育学,体育学类,教育学学士,四年,94,false
97,050101,汉语言文学,本科,文学,中国语言文学类,文学学士,四年,2477078,true
98,050102,汉语言,本科,文学,中国语言文学类,文学学士,四年,640960,true
99,050103,汉语国际教育,本科,文学,中国语言文学类,文学学士,四年,667239,true
100,050104,中国少数民族语言文学,本科,文学,中国语言文学类,文学学士,四年,132926,false
101,050105,古典文献学,本科,文学,中国语言文学类,文学学士,四年,544657,true
102,050106,应用语言学,本科,文学,中国语言文学类,文学学士,四年,364481,false
103,050107,秘书学,本科,文学,中国语言文学类,文学学士,四年,563997,true
104,050108,中国语言与文化,本科,文学,中国语言文学类,文学学士,四年,147514,false
105,050109,手语翻译,本科,文学,中国语言文学类,文学学士,四年,77992,false
1610,050110,数字人文,本科,文学,中国语言文学类,文学学士,四年,,false
2175,050111T,中国古典学,本科,文学,中国语言文学类,文学学士,四年,,false
2176,050112T,汉学与中国学,本科,文学,中国语言文学类,文学学士,四年,,false
2177,050113T,应用中文,本科,文学,中国语言文学类,文学学士,四年,,false
2258,050114TK,语言科学,本科,文学,中国语言文学类,文学学士,四年,58,false
106,050200,桑戈语,本科,文学,外国语言文学类,文学学士,四年,99340,false
107,050201,英语,本科,文学,外国语言文学类,文学学士,四年，五年,4330104,true
108,050202,俄语,本科,文学,外国语言文学类,文学学士,四年,497296,true
109,050203,德语,本科,文学,外国语言文学类,文学学士,四年,379721,false
110,050204,法语,本科,文学,外国语言文学类,文学学士,四年,685829,true
111,050205,西班牙语,本科,文学,外国语言文学类,文学学士,四年,448022,true
112,050206,阿拉伯语,本科,文学,外国语言文学类,文学学士,四年,209467,false
113,050207,日语,本科,文学,外国语言文学类,文学学士,四年,992146,true
114,050208,波斯语,本科,文学,外国语言文学类,文学学士,四年,128203,false
115,050209,朝鲜语,本科,文学,外国语言文学类,文学学士,四年,230047,false
116,050210,菲律宾语,本科,文学,外国语言文学类,文学学士,四年,45649,false
117,0502100,语言学,本科,文学,外国语言文学类,文学学士,四年,90804,false
118,0502101,塔玛齐格特语,本科,文学,外国语言文学类,文学学士,四年,30453,false
119,0502102,爪哇语,本科,文学,外国语言文学类,文学学士,四年,36072,false
120,0502103,旁遮普语,本科,文学,外国语言文学类,文学学士,四年,21853,false
2215,0502104TK,区域国别学,本科,文学,外国语言文学类,,四年,79,false
2259,0502105T,法律英语,本科,文学,外国语言文学类,文学学士,四年,67,false
2260,0502106TK,计算语言学,本科,文学,外国语言文学类,文学学士,四年,70,false
2261,0502107TK,语言智能,本科,文学,外国语言文学类,文学学士,四年,73,false
121,050211,梵语巴利语,本科,文学,外国语言文学类,文学学士,四年,148003,false
122,050212,印度尼西亚语,本科,文学,外国语言文学类,文学学士,四年,59297,false
123,050213,印地语,本科,文学,外国语言文学类,文学学士,四年,57954,false
124,050214,柬埔寨语,本科,文学,外国语言文学类,文学学士,四年,45588,false
125,050215,老挝语,本科,文学,外国语言文学类,文学学士,四年,49332,false
126,050216,缅甸语,本科,文学,外国语言文学类,文学学士,四年,63292,false
127,050217,马来语,本科,文学,外国语言文学类,文学学士,四年,53056,false
128,050218,蒙古语,本科,文学,外国语言文学类,文学学士,四年,60786,false
129,050219,僧伽罗语,本科,文学,外国语言文学类,文学学士,四年,389576,false
130,050220,泰语,本科,文学,外国语言文学类,文学学士,四年,95965,false
131,050221,乌尔都语,本科,文学,外国语言文学类,文学学士,四年,49694,false
132,050222,希伯来语,本科,文学,外国语言文学类,文学学士,四年,405549,false
133,050223,越南语,本科,文学,外国语言文学类,文学学士,四年,62868,false
134,050224,豪萨语,本科,文学,外国语言文学类,文学学士,四年,88606,false
135,050225,斯瓦希里语,本科,文学,外国语言文学类,文学学士,四年,57020,false
136,050226,阿尔巴尼亚语,本科,文学,外国语言文学类,文学学士,四年,61024,false
137,050227,保加利亚语,本科,文学,外国语言文学类,文学学士,四年,48595,false
138,050228,波兰语,本科,文学,外国语言文学类,文学学士,四年,72564,false
139,050229,捷克语,本科,文学,外国语言文学类,文学学士,四年,70252,false
140,050230,斯洛伐克语,本科,文学,外国语言文学类,文学学士,四年,437845,false
141,050231,罗马尼亚语,本科,文学,外国语言文学类,文学学士,四年,62333,false
142,050232,葡萄牙语,本科,文学,外国语言文学类,文学学士,四年,98606,false
143,050233,瑞典语,本科,文学,外国语言文学类,文学学士,四年,103096,false
144,050234,塞尔维亚语,本科,文学,外国语言文学类,文学学士,四年,82375,false
145,050235,土耳其语,本科,文学,外国语言文学类,文学学士,四年,86806,false
146,050236,希腊语,本科,文学,外国语言文学类,文学学士,四年,403432,false
147,050237,匈牙利语,本科,文学,外国语言文学类,文学学士,四年,61860,false
148,050238,意大利语,本科,文学,外国语言文学类,文学学士,四年,137252,false
149,050239,泰米尔语,本科,文学,外国语言文学类,文学学士,四年,73256,false
150,050240,普什图语,本科,文学,外国语言文学类,文学学士,四年,213939,false
151,050241,世界语,本科,文学,外国语言文学类,文学学士,四年,758807,true
152,050242,孟加拉语,本科,文学,外国语言文学类,文学学士,四年,79445,false
153,050243,尼泊尔语,本科,文学,外国语言文学类,文学学士,四年,71340,false
154,050244,克罗地亚语,本科,文学,外国语言文学类,文学学士,四年,56242,false
155,050245,荷兰语,本科,文学,外国语言文学类,文学学士,四年,93478,false
156,050246,芬兰语,本科,文学,外国语言文学类,文学学士,四年,87683,false
157,050247,乌克兰语,本科,文学,外国语言文学类,文学学士,四年,75575,false
158,050248,挪威语,本科,文学,外国语言文学类,文学学士,四年,96486,false
159,050249,丹麦语,本科,文学,外国语言文学类,文学学士,四年,86445,false
160,050250,冰岛语,本科,文学,外国语言文学类,文学学士,四年,158154,false
161,050251,爱尔兰语,本科,文学,外国语言文学类,文学学士,四年,347714,false
162,050252,拉脱维亚语,本科,文学,外国语言文学类,文学学士,四年,434304,false
163,050253,立陶宛语,本科,文学,外国语言文学类,文学学士,四年,413893,false
164,050254,斯洛文尼亚语,本科,文学,外国语言文学类,文学学士,四年,325159,false
165,050255,爱沙尼亚语,本科,文学,外国语言文学类,文学学士,四年,346932,false
166,050256,马耳他语,本科,文学,外国语言文学类,文学学士,四年,349221,false
167,050257,哈萨克语,本科,文学,外国语言文学类,文学学士,四年,345777,false
168,050258,乌兹别克语,本科,文学,外国语言文学类,文学学士,四年,324988,false
169,050259,祖鲁语,本科,文学,外国语言文学类,文学学士,四年,348691,false
170,050260,拉丁语,本科,文学,外国语言文学类,文学学士,四年,329862,false
171,050261,翻译,本科,文学,外国语言文学类,文学学士,四年,592933,true
172,050262,商务英语,本科,文学,外国语言文学类,文学学士,四年,772785,true
173,050263,阿姆哈拉语,本科,文学,外国语言文学类,文学学士,四年,21630,false
174,050264,吉尔吉斯语,本科,文学,外国语言文学类,文学学士,四年,16881,false
175,050265,索马里语,本科,文学,外国语言文学类,文学学士,四年,16326,false
176,050266,土库曼语,本科,文学,外国语言文学类,文学学士,四年,23390,false
177,050267,加泰罗尼亚语,本科,文学,外国语言文学类,文学学士,四年,20481,false
178,050268,约鲁巴语,本科,文学,外国语言文学类,文学学士,四年,21280,false
179,050269,亚美尼亚语,本科,文学,外国语言文学类,文学学士,四年,20321,false
180,050270,马达加斯加语,本科,文学,外国语言文学类,文学学士,四年,14561,false
181,050271,格鲁吉亚语,本科,文学,外国语言文学类,文学学士,四年,16010,false
182,050272,阿塞拜疆语,本科,文学,外国语言文学类,文学学士,四年,16372,false
183,050273,阿非利卡语,本科,文学,外国语言文学类,文学学士,四年,17239,false
184,050274,马其顿语,本科,文学,外国语言文学类,文学学士,四年,17204,false
185,050275,塔吉克语,本科,文学,外国语言文学类,文学学士,四年,21599,false
186,050276,茨瓦纳语,本科,文学,外国语言文学类,文学学士,四年,19430,false
187,050277,恩德贝莱语,本科,文学,外国语言文学类,文学学士,四年,22264,false
188,050278,科摩罗语,本科,文学,外国语言文学类,文学学士,四年,13585,false
189,050279,克里奥尔语,本科,文学,外国语言文学类,文学学士,四年,24798,false
190,050280,绍纳语,本科,文学,外国语言文学类,文学学士,四年,13382,false
191,050281,提格雷尼亚语,本科,文学,外国语言文学类,文学学士,四年,18868,false
192,050282,白俄罗斯语,本科,文学,外国语言文学类,文学学士,四年,25296,false
193,050283,毛利语,本科,文学,外国语言文学类,文学学士,四年,13573,false
194,050284,汤加语,本科,文学,外国语言文学类,文学学士,四年,22454,false
195,050285,萨摩亚语,本科,文学,外国语言文学类,文学学士,四年,21305,false
196,050286,库尔德语,本科,文学,外国语言文学类,文学学士,四年,14061,false
197,050287,比斯拉马语,本科,文学,外国语言文学类,文学学士,四年,25676,false
198,050288,达里语,本科,文学,外国语言文学类,文学学士,四年,14718,false
199,050289,德顿语,本科,文学,外国语言文学类,文学学士,四年,17169,false
200,050290,迪维希语,本科,文学,外国语言文学类,文学学士,四年,24848,false
201,050291,斐济语,本科,文学,外国语言文学类,文学学士,四年,25704,false
202,050292,库克群岛毛利语,本科,文学,外国语言文学类,文学学士,四年,14377,false
203,050293,隆迪语,本科,文学,外国语言文学类,文学学士,四年,19125,false
204,050294,卢森堡语,本科,文学,外国语言文学类,文学学士,四年,20839,false
205,050295,卢旺达语,本科,文学,外国语言文学类,文学学士,四年,15736,false
206,050296,纽埃语,本科,文学,外国语言文学类,文学学士,四年,18499,false
207,050297,皮金语,本科,文学,外国语言文学类,文学学士,四年,24422,false
208,050298,切瓦语,本科,文学,外国语言文学类,文学学士,四年,20216,false
209,050299,塞苏陀语,本科,文学,外国语言文学类,文学学士,四年,21427,false
210,050301,新闻学,本科,文学,新闻传播学类,文学学士,四年,1520333,true
211,050302,广播电视学,本科,文学,新闻传播学类,文学学士,四年,704488,true
212,050303,广告学,本科,文学,新闻传播学类,文学学士,四年,788272,true
213,050304,传播学,本科,文学,新闻传播学类,文学学士,四年,762052,true
214,050305,编辑出版学,本科,文学,新闻传播学类,文学学士,四年,650044,true
2134,050306,网络与新媒体,本科,文学,新闻传播学类,文学学士,四年,1520265,true
216,050307,数字出版,本科,文学,新闻传播学类,文学学士,四年,508410,true
217,050308,时尚传播,本科,文学,新闻传播学类,文学学士,四年,104996,false
218,050309,国际新闻与传播,本科,文学,新闻传播学类,文学学士,四年,188664,false
1536,050310,会展,本科,文学,新闻传播学类,"文学学士,管理学学士",四年,90244,false
219,060101,历史学,本科,历史学,历史学类,历史学学士,四年,1454919,true
220,060102,世界史,本科,历史学,历史学类,历史学学士,四年,585218,true
221,060103,考古学,本科,历史学,历史学类,历史学学士,四年,1168994,true
222,060104,文物与博物馆学,本科,历史学,历史学类,历史学学士,四年,805106,true
223,060105,文物保护技术,本科,历史学,历史学类,历史学学士,四年,495943,true
224,060106,外国语言与外国历史,本科,历史学,历史学类,"文学学士,历史学学士",四年,531088,true
225,060107,文化遗产,本科,历史学,历史学类,历史学学士,四年,155582,true
1537,060108,古文字学,本科,历史学,历史学类,历史学学士,四年,82866,true
1578,060109,科学史,本科,历史学,历史学类,历史学学士,四年,5117,true
226,070101,数学与应用数学,本科,理学,数学类,理学学士,四年,1865131,true
227,070102,信息与计算科学,本科,理学,数学类,理学学士,四年,1711197,true
228,070103,数理基础科学,本科,理学,数学类,理学学士,四年,454774,false
229,070104,数据计算及应用,本科,理学,数学类,理学学士,四年,354864,false
2262,070105TK,智能计算,本科,理学,数学类,理学学士,四年,98,false
230,070201,物理学,本科,理学,物理学类,理学学士,四年,1214330,true
231,070202,应用物理学,本科,理学,物理学类,理学学士,四年,853018,true
232,070203,核物理,本科,理学,物理学类,理学学士,四年,438965,false
233,070204,声学,本科,理学,物理学类,理学学士,四年,200569,false
234,070205,系统科学与工程,本科,理学,物理学类,理学学士,四年,198323,false
1542,070206,量子信息科学,本科,理学,物理学类,理学学士,四年,183007,false
235,070301,化学,本科,理学,化学类,理学学士,四年,1137929,true
236,070302,应用化学,本科,理学,化学类,"理学学士,工学学士",四年,794540,true
237,070303,化学生物学,本科,理学,化学类,理学学士,四年,550991,true
238,070304,分子科学与工程,本科,理学,化学类,理学学士,四年,269085,false
239,070305,能源化学,本科,理学,化学类,理学学士,四年,185427,false
1543,070306,化学测量学与技术,本科,理学,化学类,理学学士,四年,54375,false
1611,070307,资源化学,本科,理学,化学类,理学学士,四年,,false
240,070401,天文学,本科,理学,天文学类,理学学士,四年,843439,true
241,070501,地理科学,本科,理学,地理科学类,理学学士,四年,1102757,true
242,070502,自然地理与资源环境,本科,理学,地理科学类,"理学学士,管理学学士",四年,715183,true
243,070503,人文地理与城乡规划,本科,理学,地理科学类,"理学学士,管理学学士",四年,862287,true
244,070504,地理信息科学,本科,理学,地理科学类,理学学士,四年,1032544,true
245,070601,大气科学,本科,理学,大气科学类,理学学士,四年,468707,true
246,070602,应用气象学,本科,理学,大气科学类,理学学士,四年,465734,false
1544,070603,气象技术与工程,本科,理学,大气科学类,"理学学士,工学学士",四年,98509,false
1612,070604,地球系统科学,本科,理学,大气科学类,理学学士,四年,,false
247,070701,海洋科学,本科,理学,海洋科学类,理学学士,四年,383426,false
248,070702,海洋技术,本科,理学,海洋科学类,"理学学士,工学学士",四年,170124,false
249,070703,海洋资源与环境,本科,理学,海洋科学类,理学学士,四年,439961,false
250,070704,军事海洋学,本科,理学,海洋科学类,理学学士,四年,271049,false
2207,070705T,海洋科学与技术,本科,理学,海洋科学类,,四年,149,false
251,070801,地球物理学,本科,理学,地球物理学类,理学学士,四年,317022,false
252,070802,空间科学与技术,本科,理学,地球物理学类,"理学学士,工学学士",四年,213362,false
253,070803,防灾减灾科学与工程,本科,理学,地球物理学类,工学学士,四年,94189,false
1579,070804,行星科学,本科,理学,地球物理学类,理学学士,四年,7014,false
254,070901,地质学,本科,理学,地质学类,理学学士,四年,364471,false
255,070902,地球化学,本科,理学,地质学类,理学学士,四年,122839,false
256,070903,地球信息科学与技术,本科,理学,地质学类,"理学学士,工学学士",四年,230545,false
257,070904,古生物学,本科,理学,地质学类,理学学士,四年,574608,true
258,071001,生物科学,本科,理学,生物科学类,理学学士,四年,1398427,true
259,071002,生物技术,本科,理学,生物科学类,"理学学士,工学学士",四年,1139484,true
260,071003,生物信息学,本科,理学,生物科学类,"理学学士,工学学士",四年,410954,false
261,071004,生态学,本科,理学,生物科学类,理学学士,四年,348754,false
262,071005,整合科学,本科,理学,生物科学类,理学学士,四年,94468,false
263,071006,神经科学,本科,理学,生物科学类,理学学士,四年,159390,false
264,071101,心理学,本科,理学,心理学类,"教育学学士,理学学士",四年,2337570,true
265,071102,应用心理学,本科,理学,心理学类,"教育学学士,理学学士",四年,1384584,true
2263,071103TK,心理脑与认知科学,本科,理学,心理学类,理学学士,四年,103,false
266,071201,统计学,本科,理学,统计学类,理学学士,四年,855612,true
267,071202,应用统计学,本科,理学,统计学类,理学学士,四年,743669,true
1535,071203,数据科学,本科,理学,统计学类,理学学士,四年,5139,false
1603,071204,生物统计学,本科,理学,统计学类,理学学士,四年,,false
268,080101,理论与应用力学,本科,工学,力学类,"理学学士,工学学士",四年,340204,false
269,080102,工程力学,本科,工学,力学类,工学学士,四年,454953,false
270,080201,机械工程,本科,工学,机械类,工学学士,四年,1261710,true
271,080202,机械设计制造及其自动化,本科,工学,机械类,工学学士,四年,2944774,true
2144,080203,材料成型及控制工程,本科,工学,机械类,工学学士,四年,438791,false
273,080204,机械电子工程,本科,工学,机械类,工学学士,四年,901858,false
2145,080205,工业设计,本科,工学,机械类,工学学士,四年,1314933,true
275,080206,过程装备与控制工程,本科,工学,机械类,工学学士,四年,349060,false
276,080207,车辆工程,本科,工学,机械类,工学学士,四年,1284292,true
277,080208,汽车服务工程,本科,工学,机械类,工学学士,四年,359945,false
278,080209,机械工艺技术,本科,工学,机械类,工学学士,四年,450029,false
279,080210,微机电系统工程,本科,工学,机械类,工学学士,四年,481111,false
280,080211,机电技术教育,本科,工学,机械类,工学学士,四年,145059,false
281,080212,汽车维修工程教育,本科,工学,机械类,工学学士,四年,160146,false
282,080213,智能制造工程,本科,工学,机械类,工学学士,四年,424648,false
283,080214,智能车辆工程,本科,工学,机械类,工学学士,四年,174046,false
284,080215,仿生科学与工程,本科,工学,机械类,工学学士,四年,150143,false
285,080216,新能源汽车工程,本科,工学,机械类,工学学士,四年,261103,false
1545,080217,增材制造工程,本科,工学,机械类,工学学士,四年,35046,false
1546,080218,智能交互设计,本科,工学,机械类,工学学士,四年,130837,false
1547,080219,应急装备技术与工程,本科,工学,机械类,工学学士,四年,49019,false
2178,080220T,农林智能装备工程,本科,工学,机械类,工学学士,四年,,false
2264,080221T,真空工程与技术,本科,工学,机械类,工学学士,四年,123,false
286,080301,测控技术与仪器,本科,工学,仪器类,工学学士,四年,628328,false
287,080302,精密仪器,本科,工学,仪器类,工学学士,四年,106789,false
288,080303,智能感知工程,本科,工学,仪器类,工学学士,四年,147248,false
289,080401,材料科学与工程,本科,工学,材料类,工学学士,四年,813168,false
290,080402,材料物理,本科,工学,材料类,"理学学士,工学学士",四年,480400,false
291,080403,材料化学,本科,工学,材料类,"理学学士,工学学士",四年,674613,false
292,080404,冶金工程,本科,工学,材料类,工学学士,四年,214396,false
293,080405,金属材料工程,本科,工学,材料类,工学学士,四年,233456,false
294,080406,无机非金属材料工程,本科,工学,材料类,工学学士,四年,247352,false
295,080407,高分子材料与工程,本科,工学,材料类,工学学士,四年,615109,false
296,080408,复合材料与工程,本科,工学,材料类,工学学士,四年,237562,false
297,080409,粉体材料科学与工程,本科,工学,材料类,工学学士,四年,122637,false
298,080410,宝石及材料工艺学,本科,工学,材料类,工学学士,四年,275741,false
299,080411,焊接技术与工程,本科,工学,材料类,工学学士,四年，五年,209216,false
300,080412,功能材料,本科,工学,材料类,工学学士,四年,403885,false
301,080413,纳米材料与技术,本科,工学,材料类,工学学士,四年,472302,false
302,080414,新能源材料与器件,本科,工学,材料类,工学学士,四年,479527,false
303,080415,材料设计科学与工程,本科,工学,材料类,工学学士,四年,52145,false
304,080416,复合材料成型工程,本科,工学,材料类,工学学士,四年,30343,false
305,080417,智能材料与结构,本科,工学,材料类,工学学士,四年,44161,false
1580,080418,光电信息材料与器件,本科,工学,材料类,工学学士,四年,7705,false
1613,080419,生物材料,本科,工学,材料类,工学学士,四年,,false
2179,080420T,材料智能技术,本科,工学,材料类,工学学士,四年,,false
2180,080421T,电子信息材料,本科,工学,材料类,工学学士,四年,,false
2181,080422T,软物质科学与工程,本科,工学,材料类,工学学士,四年,,false
2182,080423T,稀土材料科学与工程,本科,工学,材料类,工学学士,四年,,false
306,080501,能源与动力工程,本科,工学,能源动力类,工学学士,四年,937542,false
307,080502,能源与环境系统工程,本科,工学,能源动力类,工学学士,四年,268178,false
308,080503,新能源科学与工程,本科,工学,能源动力类,工学学士,四年,875869,false
309,080504,储能科学与工程,本科,工学,能源动力类,工学学士,四年,84454,false
1548,080505,能源服务工程,本科,工学,能源动力类,工学学士,四年,34453,false
1581,080506,氢能科学与工程,本科,工学,能源动力类,工学学士,四年,11288,false
1582,080507,可持续能源,本科,工学,能源动力类,工学学士,四年,10399,false
310,080601,电气工程及其自动化,本科,工学,电气类,工学学士,四年,2865967,true
311,080602,智能电网信息工程,本科,工学,电气类,工学学士,四年,642139,false
312,080603,光源与照明,本科,工学,电气类,工学学士,四年,278509,false
313,080604,电气工程与智能控制,本科,工学,电气类,工学学士,四年,2929798,true
314,080605,电机电器智能化,本科,工学,电气类,工学学士,四年,61272,false
315,080606,电缆工程,本科,工学,电气类,工学学士,四年,54473,false
1549,080607,能源互联网工程,本科,工学,电气类,工学学士,四年,81834,false
1583,080608,智慧能源工程,本科,工学,电气类,工学学士,四年,967,false
1614,080609,电动载运工程,本科,工学,电气类,工学学士,四年,,false
2183,080610TK,大功率半导体科学与工程,本科,工学,电气类,工学学士,四年,,false
316,080701,电子信息工程,本科,工学,电子信息类,"理学学士,工学学士",四年,1691498,true
317,080702,电子科学与技术,本科,工学,电子信息类,"理学学士,工学学士",四年,1017611,false
318,080703,通信工程,本科,工学,电子信息类,工学学士,四年,1697280,true
319,080704,微电子科学与工程,本科,工学,电子信息类,"理学学士,工学学士",四年,740055,false
320,080705,光电信息科学与工程,本科,工学,电子信息类,"理学学士,工学学士",四年,925499,false
321,080706,信息工程,本科,工学,电子信息类,工学学士,四年,756381,false
322,080707,广播电视工程,本科,工学,电子信息类,工学学士,四年,217113,false
323,080708,水声工程,本科,工学,电子信息类,工学学士,四年,440046,false
324,080709,电子封装技术,本科,工学,电子信息类,工学学士,四年,393897,false
325,080710,集成电路设计与集成系统,本科,工学,电子信息类,工学学士,四年,829189,false
326,080711,医学信息工程,本科,工学,电子信息类,工学学士,四年,294945,false
327,080712,电磁场与无线技术,本科,工学,电子信息类,工学学士,四年,183979,false
328,080713,电波传播与天线,本科,工学,电子信息类,工学学士,四年,382436,false
329,080714,电子信息科学与技术,本科,工学,电子信息类,"理学学士,工学学士",四年,1157805,true
330,080715,电信工程及管理,本科,工学,电子信息类,工学学士,四年,227711,false
331,080716,应用电子技术教育,本科,工学,电子信息类,工学学士,四年,128733,false
332,080717,人工智能,本科,工学,电子信息类,工学学士,四年,1447032,true
333,080718,海洋信息工程,本科,工学,电子信息类,工学学士,四年,65959,false
1550,080719,柔性电子学,本科,工学,电子信息类,工学学士,四年,68011,false
1551,080720,智能测控工程,本科,工学,电子信息类,工学学士,四年,63891,false
2184,080721T,智能视觉工程,本科,工学,电子信息类,工学学士,四年,,false
2226,080722T,智能视听工程,本科,工学,电子信息类,,四年,115,false
2265,080723TK,半导体工艺与装备,本科,工学,电子信息类,工学学士,四年,103,false
334,080801,自动化,本科,工学,自动化类,工学学士,四年,1872934,true
335,080802,轨道交通信号与控制,本科,工学,自动化类,工学学士,四年,577645,false
336,080803,机器人工程,本科,工学,自动化类,工学学士,四年,434282,false
337,080804,邮政工程,本科,工学,自动化类,工学学士,四年,79922,false
338,080805,核电技术与控制工程,本科,工学,自动化类,工学学士,四年,62865,false
339,080806,智能装备与系统,本科,工学,自动化类,工学学士,四年,72411,false
340,080807,工业智能,本科,工学,自动化类,工学学士,四年,72523,false
1552,080808,智能工程与创意设计,本科,工学,自动化类,工学学士,四年,57217,false
341,080901,计算机科学与技术,本科,工学,计算机类,"理学学士,工学学士",四年,5466604,true
342,080902,软件工程,本科,工学,计算机类,工学学士,四年,3946435,true
343,080903,网络工程,本科,工学,计算机类,工学学士,四年,969848,false
344,080904,信息安全,本科,工学,计算机类,"理学学士,工学学士,管理学学士",四年,1065202,true
345,080905,物联网工程,本科,工学,计算机类,工学学士,四年,1331899,true
2147,080906,数字媒体技术,本科,工学,计算机类,工学学士,四年,1730109,true
347,080907,智能科学与技术,本科,工学,计算机类,"理学学士,工学学士",四年,602694,false
348,080908,空间信息与数字技术,本科,工学,计算机类,工学学士,四年,251392,false
349,080909,电子与计算机工程,本科,工学,计算机类,工学学士,四年,937426,false
350,080910,数据科学与大数据技术,本科,工学,计算机类,"理学学士,工学学士",四年,1051939,true
351,080911,网络空间安全,本科,工学,计算机类,工学学士,四年,433359,false
352,080912,新媒体技术,本科,工学,计算机类,工学学士,四年,199321,false
353,080913,电影制作,本科,工学,计算机类,工学学士,四年,115751,false
354,080914,保密技术,本科,工学,计算机类,工学学士,四年,102177,false
355,080915,服务科学与工程,本科,工学,计算机类,工学学士,四年,49942,false
2135,080916,虚拟现实技术,本科,工学,计算机类,工学学士,四年,172345,false
357,080917,区块链工程,本科,工学,计算机类,工学学士,四年,156902,false
1553,080918,密码科学与技术,本科,工学,计算机类,工学学士,四年,109598,false
2225,080919T,工业软件,本科,工学,计算机类,,四年,275,false
358,081001,土木工程,本科,工学,土木类,工学学士,四年,2194443,false
359,081002,建筑环境与能源应用工程,本科,工学,土木类,工学学士,四年,679283,false
360,081003,给排水科学与工程,本科,工学,土木类,工学学士,四年,387298,false
361,081004,建筑电气与智能化,本科,工学,土木类,工学学士,四年,241762,false
362,081005,城市地下空间工程,本科,工学,土木类,工学学士,四年,171431,false
363,081006,道路桥梁与渡河工程,本科,工学,土木类,工学学士,四年,300459,false
364,081007,铁道工程,本科,工学,土木类,工学学士,四年,114659,false
365,081008,智能建造,本科,工学,土木类,工学学士,四年,142975,false
366,081009,土木、水利与海洋工程,本科,工学,土木类,工学学士,四年,72474,false
367,081010,土木、水利与交通工程,本科,工学,土木类,工学学士,四年,60082,false
1554,081011,城市水系统工程,本科,工学,土木类,工学学士,四年,37752,false
1584,081012,智能建造与智慧交通,本科,工学,土木类,工学学士,四年,912,false
2185,081013T,工程软件,本科,工学,土木类,工学学士,四年,,false
2266,081014T,城市更新,本科,工学,土木类,工学学士,四年,61,false
2149,081101,水利水电工程,本科,工学,水利类,工学学士,四年,389182,false
369,081102,水文与水资源工程,本科,工学,水利类,工学学士,四年,207130,false
370,081103,港口航道与海岸工程,本科,工学,水利类,工学学士,四年,152736,false
371,081104,水务工程,本科,工学,水利类,工学学士,四年,119629,false
372,081105,水利科学与工程,本科,工学,水利类,工学学士,四年,58865,false
1585,081106,智慧水利,本科,工学,水利类,工学学士,四年,613,false
373,081201,测绘工程,本科,工学,测绘类,工学学士,四年,457203,false
374,081202,遥感科学与技术,本科,工学,测绘类,工学学士,四年,329523,false
375,081203,导航工程,本科,工学,测绘类,工学学士,四年,401495,false
376,081204,地理国情监测,本科,工学,测绘类,工学学士,四年,459841,false
377,081205,地理空间信息工程,本科,工学,测绘类,工学学士,四年,116660,false
2212,081206TK,时空信息工程,本科,工学,测绘类,,四年,115,false
378,081301,化学工程与工艺,本科,工学,化工与制药类,工学学士,四年,462742,false
379,081302,制药工程,本科,工学,化工与制药类,工学学士,四年,474809,false
380,081303,资源循环科学与工程,本科,工学,化工与制药类,工学学士,四年,386693,false
381,081304,能源化学工程,本科,工学,化工与制药类,工学学士,四年,401910,false
382,081305,化学工程与工业生物工程,本科,工学,化工与制药类,工学学士,四年,210588,false
383,081306,化工安全工程,本科,工学,化工与制药类,工学学士,四年,61989,false
384,081307,涂料工程,本科,工学,化工与制药类,工学学士,四年,17645,false
385,081308,精细化工,本科,工学,化工与制药类,工学学士,四年,64169,false
2210,081309T,智能分子工程,本科,工学,化工与制药类,,四年,84,false
386,081401,地质工程,本科,工学,地质类,工学学士,四年,314586,false
387,081402,勘查技术与工程,本科,工学,地质类,工学学士,四年,207949,false
388,081403,资源勘查工程,本科,工学,地质类,工学学士,四年,244255,false
389,081404,地下水科学与工程,本科,工学,地质类,工学学士,四年,154153,false
390,081405,旅游地学与规划工程,本科,工学,地质类,工学学士,四年,37616,false
1586,081406,智能地球探测,本科,工学,地质类,工学学士,四年,455,false
1587,081407,资源环境大数据工程,本科,工学,地质类,工学学士,四年,487,false
391,081501,采矿工程,本科,工学,矿业类,工学学士,四年,383082,false
392,081502,石油工程,本科,工学,矿业类,工学学士,四年,408978,false
393,081503,矿物加工工程,本科,工学,矿业类,工学学士,四年,158850,false
2150,081504,油气储运工程,本科,工学,矿业类,工学学士,四年,197277,false
395,081505,矿物资源工程,本科,工学,矿业类,工学学士,四年,77401,false
396,081506,海洋油气工程,本科,工学,矿业类,工学学士,四年,343238,false
1555,081507,智能采矿工程,本科,工学,矿业类,工学学士,四年,28209,false
1588,081508,碳储科学与工程,本科,工学,矿业类,工学学士,四年,545,false
2267,081509TK,稀土科学与工程,本科,工学,矿业类,工学学士,四年,101,false
397,081601,纺织工程,本科,工学,纺织类,工学学士,四年,209276,false
398,081602,服装设计与工程,本科,工学,纺织类,"工学学士,艺术学学士",四年,389672,false
399,081603,非织造材料与工程,本科,工学,纺织类,工学学士,四年,85856,false
400,081604,服装设计与工艺教育,本科,工学,纺织类,工学学士,四年,195139,false
401,081605,丝绸设计与工程,本科,工学,纺织类,工学学士,四年,28938,false
2268,081606T,纤维科学与智能制造,本科,工学,纺织类,工学学士,四年,54,false
402,081701,轻化工程,本科,工学,轻工类,工学学士,四年,230223,false
403,081702,包装工程,本科,工学,轻工类,工学学士,四年,214306,false
404,081703,印刷工程,本科,工学,轻工类,工学学士,四年,133075,false
405,081704,香料香精技术与工程,本科,工学,轻工类,工学学士,四年,65197,false
406,081705,化妆品技术与工程,本科,工学,轻工类,工学学士,四年,91299,false
1589,081706,生物质能源与材料,本科,工学,轻工类,工学学士,四年,517,false
2229,081707T,生物质技术与工程,本科,工学,轻工类,,四年,58,false
407,081801,交通运输,本科,工学,交通运输类,工学学士,四年,624975,false
408,081802,交通工程,本科,工学,交通运输类,工学学士,四年,394758,false
2151,081803,航海技术,本科,工学,交通运输类,工学学士,四年,169784,false
410,081804,轮机工程,本科,工学,交通运输类,工学学士,四年,282152,false
411,081805,飞行技术,本科,工学,交通运输类,工学学士,四年,219030,false
412,081806,交通设备与控制工程,本科,工学,交通运输类,工学学士,四年,477722,false
413,081807,救助与打捞工程,本科,工学,交通运输类,工学学士,四年,329479,false
414,081808,船舶电子电气工程,本科,工学,交通运输类,工学学士,四年,484915,false
415,081809,轨道交通电气与控制,本科,工学,交通运输类,工学学士,四年,96027,false
416,081810,邮轮工程与管理,本科,工学,交通运输类,工学学士,四年,19014,false
1556,081811,智慧交通,本科,工学,交通运输类,工学学士,四年,66166,false
1590,081812,智能运输工程,本科,工学,交通运输类,工学学士,四年,647,false
2269,081813T,交通能源融合工程,本科,工学,交通运输类,工学学士,四年,56,false
417,081901,船舶与海洋工程,本科,工学,海洋工程类,工学学士,四年,289803,false
418,081902,海洋工程与技术,本科,工学,海洋工程类,工学学士,四年,369782,false
419,081903,海洋资源开发技术,本科,工学,海洋工程类,工学学士,四年,451269,false
420,081904,海洋机器人,本科,工学,海洋工程类,工学学士,四年,45327,false
1591,081905,智慧海洋技术,本科,工学,海洋工程类,工学学士,四年,789,false
2186,081906T,智能海洋装备,本科,工学,海洋工程类,工学学士,四年,,false
2270,081907T,海洋智能与无人技术,本科,工学,海洋工程类,工学学士,四年,51,false
421,082001,航空航天工程,本科,工学,航空航天类,工学学士,四年,2695760,true
422,082002,飞行器设计与工程,本科,工学,航空航天类,工学学士,四年,358808,false
423,082003,飞行器制造工程,本科,工学,航空航天类,工学学士,四年,197153,false
424,082004,飞行器动力工程,本科,工学,航空航天类,工学学士,四年,246506,false
425,082005,飞行器环境与生命保障工程,本科,工学,航空航天类,工学学士,四年,81147,false
426,082006,飞行器质量与可靠性,本科,工学,航空航天类,工学学士,四年,427559,false
427,082007,飞行器适航技术,本科,工学,航空航天类,工学学士,四年,454127,false
428,082008,飞行器控制与信息工程,本科,工学,航空航天类,工学学士,四年,61922,false
429,082009,无人驾驶航空器系统工程,本科,工学,航空航天类,工学学士,四年,93968,false
1557,082010,智能飞行器技术,本科,工学,航空航天类,工学学士,四年,44785,false
1592,082011,空天智能电推进技术,本科,工学,航空航天类,工学学士,四年,483,false
1615,082012,飞行器运维工程,本科,工学,航空航天类,工学学士,四年,,false
430,082101,武器系统与工程,本科,工学,兵器类,工学学士,四年,188942,false
431,082102,武器发射工程,本科,工学,兵器类,工学学士,四年,447376,false
432,082103,探测制导与控制技术,本科,工学,兵器类,工学学士,四年,117487,false
433,082104,弹药工程与爆炸技术,本科,工学,兵器类,工学学士,四年,192441,false
434,082105,特种能源技术与工程,本科,工学,兵器类,工学学士,四年,478034,false
435,082106,装甲车辆工程,本科,工学,兵器类,工学学士,四年,418575,false
436,082107,信息对抗技术,本科,工学,兵器类,工学学士,四年,182726,false
437,082108,智能无人系统技术,本科,工学,兵器类,工学学士,四年,56002,false
438,082201,核工程与核技术,本科,工学,核工程类,工学学士,四年,366876,false
439,082202,辐射防护与核安全,本科,工学,核工程类,工学学士,四年,442487,false
440,082203,工程物理,本科,工学,核工程类,工学学士,四年,186903,false
441,082204,核化工与核燃料工程,本科,工学,核工程类,工学学士,四年,130172,false
442,082301,农业工程,本科,工学,农业工程类,工学学士,四年,159039,false
443,082302,农业机械化及其自动化,本科,工学,农业工程类,工学学士,四年,195461,false
444,082303,农业电气化,本科,工学,农业工程类,工学学士,四年,393036,false
445,082304,农业建筑环境与能源工程,本科,工学,农业工程类,工学学士,四年,114958,false
2153,082305,农业水利工程,本科,工学,农业工程类,工学学士,四年,124986,false
447,082306,土地整治工程,本科,工学,农业工程类,工学学士,四年,45983,false
448,082307,农业智能装备工程,本科,工学,农业工程类,工学学士,四年,21597,false
2271,082308T,农业机器人,本科,工学,农业工程类,工学学士,四年,66,false
449,082401,森林工程,本科,工学,林业工程类,工学学士,四年,97442,false
450,082402,木材科学与工程,本科,工学,林业工程类,工学学士,四年,113351,false
451,082403,林产化工,本科,工学,林业工程类,工学学士,四年,134846,false
452,082404,家具设计与工程,本科,工学,林业工程类,工学学士,四年,97402,false
1593,082405,木结构建筑与材料,本科,工学,林业工程类,工学学士,四年,342,false
453,082501,环境科学与工程,本科,工学,环境科学与工程类,工学学士,四年,428289,false
454,082502,环境工程,本科,工学,环境科学与工程类,工学学士,四年,926717,false
455,082503,环境科学,本科,工学,环境科学与工程类,"理学学士,工学学士",五年，四年,583833,false
456,082504,环境生态工程,本科,工学,环境科学与工程类,工学学士,四年,524951,false
457,082505,环保设备工程,本科,工学,环境科学与工程类,工学学士,四年,416310,false
458,082506,资源环境科学,本科,工学,环境科学与工程类,"理学学士,工学学士",四年,202312,false
459,082507,水质科学与技术,本科,工学,环境科学与工程类,工学学士,四年,101111,false
460,082601,生物医学工程,本科,工学,生物医学工程类,"理学学士,工学学士",五年，四年,658099,false
461,082602,假肢矫形工程,本科,工学,生物医学工程类,工学学士,四年,120989,false
462,082603,临床工程技术,本科,工学,生物医学工程类,工学学士,四年,64216,false
463,082604,康复工程,本科,工学,生物医学工程类,工学学士,四年,37013,false
2187,082605T,健康科学与技术,本科,工学,生物医学工程类,工学学士,四年,,false
464,082701,食品科学与工程,本科,工学,食品科学与工程类,"工学学士,农学学士",四年,870860,false
2152,082702,食品质量与安全,本科,工学,食品科学与工程类,工学学士,四年,453981,false
466,082703,粮食工程,本科,工学,食品科学与工程类,工学学士,四年,104786,false
467,082704,乳品工程,本科,工学,食品科学与工程类,工学学士,四年,425954,false
468,082705,酿酒工程,本科,工学,食品科学与工程类,工学学士,四年,192398,false
469,082706,葡萄与葡萄酒工程,本科,工学,食品科学与工程类,工学学士,四年,177818,false
470,082707,食品营养与检验教育,本科,工学,食品科学与工程类,工学学士,四年,131214,false
471,082708,烹饪与营养教育,本科,工学,食品科学与工程类,工学学士,四年,240169,false
472,082709,食品安全与检测,本科,工学,食品科学与工程类,工学学士,四年,92881,false
2167,082710,食品营养与健康,本科,工学,食品科学与工程类,工学学士,四年,66211,false
474,082711,食用菌科学与工程,本科,工学,食品科学与工程类,工学学士,四年,18818,false
475,082712,白酒酿造工程,本科,工学,食品科学与工程类,工学学士,四年,16628,false
2188,082713T,咖啡科学与工程,本科,工学,食品科学与工程类,工学学士,四年,,false
476,082801,建筑学,本科,工学,建筑类,工学学士,五年，四年,1786068,false
2148,082802,城乡规划,本科,工学,建筑类,工学学士,五年，四年,731074,false
478,082803,风景园林,本科,工学,建筑类,"工学学士,艺术学学士",五年，四年,627061,false
479,082804,历史建筑保护工程,本科,工学,建筑类,工学学士,五年，四年,169549,false
480,082805,人居环境科学与技术,本科,工学,建筑类,工学学士,四年,53995,false
481,082806,城市设计,本科,工学,建筑类,工学学士,四年,96435,false
482,082807,智慧建筑与建造,本科,工学,建筑类,工学学士,四年,61242,false
2272,082808T,智慧景观营造,本科,工学,建筑类,工学学士,四年,40,false
483,082901,安全工程,本科,工学,安全科学与工程类,工学学士,四年,435861,false
484,082902,应急技术与管理,本科,工学,安全科学与工程类,工学学士,四年,84543,false
485,082903,职业卫生工程,本科,工学,安全科学与工程类,工学学士,四年,27148,false
1616,082904,安全生产监管,本科,工学,安全科学与工程类,工学学士,四年,,false
2222,082905TK,智慧应急,本科,工学,安全科学与工程类,,四年,89,false
486,083001,生物工程,本科,工学,生物工程类,工学学士,四年,776456,false
487,083002,生物制药,本科,工学,生物工程类,工学学士,四年,748834,false
488,083003,合成生物学,本科,工学,生物工程类,工学学士,四年,48316,false
2273,083004T,生物制造,本科,工学,生物工程类,工学学士,四年,81,false
2154,083101,刑事科学技术,本科,工学,公安技术类,工学学士,四年,223014,false
490,083102,消防工程,本科,工学,公安技术类,工学学士,四年,187473,false
491,083103,交通管理工程,本科,工学,公安技术类,工学学士,四年,170687,false
492,083104,安全防范工程,本科,工学,公安技术类,工学学士,四年,84753,false
493,083105,公安视听技术,本科,工学,公安技术类,工学学士,四年,207518,false
494,083106,抢险救援指挥与技术,本科,工学,公安技术类,工学学士,四年,347122,false
495,083107,火灾勘查,本科,工学,公安技术类,工学学士,四年,101984,false
2128,083108,网络安全与执法,本科,工学,公安技术类,工学学士,四年,562589,false
497,083109,核生化消防,本科,工学,公安技术类,工学学士,四年,87579,false
498,083110,海警舰艇指挥与技术,本科,工学,公安技术类,工学学士,四年,25411,false
499,083111,数据警务技术,本科,工学,公安技术类,工学学士,四年,41821,false
1558,083112,食品药品环境犯罪侦查技术,本科,工学,公安技术类,工学学士,四年,34876,false
2274,083113TK,低空安全管理,本科,工学,公安技术类,工学学士,四年,99,false
500,090101,农学,本科,农学,植物生产类,农学学士,四年,787091,true
501,090102,园艺,本科,农学,植物生产类,农学学士,四年,532581,true
502,090103,植物保护,本科,农学,植物生产类,农学学士,四年,272523,true
503,090104,植物科学与技术,本科,农学,植物生产类,农学学士,四年,216941,true
504,090105,种子科学与工程,本科,农学,植物生产类,农学学士,四年,245510,true
505,090106,设施农业科学与工程,本科,农学,植物生产类,"工学学士,农学学士",四年,201748,true
506,090107,茶学,本科,农学,植物生产类,农学学士,四年,249676,true
507,090108,烟草,本科,农学,植物生产类,农学学士,四年,398576,true
508,090109,应用生物科学,本科,农学,植物生产类,"理学学士,农学学士",四年,220682,true
509,090110,农艺教育,本科,农学,植物生产类,农学学士,四年,128014,false
510,090111,园艺教育,本科,农学,植物生产类,农学学士,四年,103207,false
511,090112,智慧农业,本科,农学,植物生产类,农学学士,四年,96861,false
512,090113,菌物科学与工程,本科,农学,植物生产类,农学学士,四年,31376,false
513,090114,农药化肥,本科,农学,植物生产类,农学学士,四年,20730,false
1559,090115,生物农药科学与工程,本科,农学,植物生产类,农学学士,四年,21295,false
1594,090116,生物育种科学,本科,农学,植物生产类,理学学士,四年,646,false
2190,090117TK,生物育种技术,本科,农学,植物生产类,农学学士,四年,,false
514,090201,农业资源与环境,本科,农学,自然保护与环境生态类,农学学士,四年,217234,true
515,090202,野生动物与自然保护区管理,本科,农学,自然保护与环境生态类,农学学士,四年,213330,true
516,090203,水土保持与荒漠化防治,本科,农学,自然保护与环境生态类,农学学士,四年,186690,true
517,090204,生物质科学与工程,本科,农学,自然保护与环境生态类,农学学士,四年,42692,false
1560,090205,土地科学与技术,本科,农学,自然保护与环境生态类,农学学士,四年,27400,false
1595,090206,湿地保护与恢复,本科,农学,自然保护与环境生态类,农学学士,四年,449,false
1617,090207,国家公园建设与管理,本科,农学,自然保护与环境生态类,"农学学士,管理学学士",四年,,false
2191,090208TK,生态修复学,本科,农学,自然保护与环境生态类,农学学士,四年,,false
2275,090209T,盐碱地科学与工程,本科,农学,自然保护与环境生态类,农学学士,四年,41,false
518,090301,动物科学,本科,农学,动物生产类,农学学士,四年,399173,true
519,090302,蚕学,本科,农学,动物生产类,农学学士,四年,124097,false
520,090303,蜂学,本科,农学,动物生产类,农学学士,四年,97246,false
521,090304,经济动物学,本科,农学,动物生产类,农学学士,四年,44030,false
522,090305,马业科学,本科,农学,动物生产类,农学学士,四年,42230,false
1561,090306,饲料工程,本科,农学,动物生产类,"工学学士,农学学士",四年,22355,false
1562,090307,智慧牧业科学与工程,本科,农学,动物生产类,农学学士,四年,19125,false
2155,090401,动物医学,本科,农学,动物医学类,农学学士,五年，四年,879795,true
2156,090402,动物药学,本科,农学,动物医学类,农学学士,五年，四年,196443,true
525,090403,动植物检疫,本科,农学,动物医学类,"理学学士,农学学士",四年,125482,false
526,090404,实验动物学,本科,农学,动物医学类,农学学士,四年,38747,false
527,090405,中兽医学,本科,农学,动物医学类,农学学士,四年,96622,false
1563,090406,兽医公共卫生,本科,农学,动物医学类,农学学士,五年,29108,false
528,090501,林学,本科,农学,林学类,农学学士,四年,257080,true
529,090502,园林,本科,农学,林学类,农学学士,四年,480997,true
530,090503,森林保护,本科,农学,林学类,农学学士,四年,415030,true
531,090504,经济林,本科,农学,林学类,农学学士,四年,18215,false
1596,090505,智慧林业,本科,农学,林学类,农学学士,四年,527,false
532,090601,水产养殖学,本科,农学,水产类,农学学士,四年,211350,true
533,090602,海洋渔业科学与技术,本科,农学,水产类,农学学士,四年,151449,false
534,090603,水族科学与技术,本科,农学,水产类,农学学士,四年,93641,false
535,090604,水生动物医学,本科,农学,水产类,农学学士,四年,50184,false
2276,090605T,智慧渔业,本科,农学,水产类,农学学士,四年,41,false
536,090701,草业科学,本科,农学,草学类,农学学士,四年,163555,true
537,090702,草坪科学与工程,本科,农学,草学类,农学学士,四年,26541,false
538,100101,基础医学,本科,医学,基础医学类,医学学士,五年,1555398,true
539,100102,生物医学,本科,医学,基础医学类,理学学士,四年,552770,true
540,100103,生物医学科学,本科,医学,基础医学类,理学学士,四年,326565,false
541,100201,临床医学,本科,医学,临床医学类,医学学士,五年,6814791,true
542,100202,麻醉学,本科,医学,临床医学类,医学学士,五年,1436126,true
543,100203,医学影像学,本科,医学,临床医学类,医学学士,五年,1695309,true
544,100204,眼视光医学,本科,医学,临床医学类,医学学士,五年,933005,true
545,100205,精神医学,本科,医学,临床医学类,医学学士,五年,666650,true
546,100206,放射医学,本科,医学,临床医学类,医学学士,五年,323614,false
547,100207,儿科学,本科,医学,临床医学类,医学学士,五年,284680,false
548,100301,口腔医学,本科,医学,口腔医学类,医学学士,五年,2875945,true
549,100401,预防医学,本科,医学,公共卫生与预防医学类,医学学士,五年,728214,true
550,100402,食品卫生与营养学,本科,医学,公共卫生与预防医学类,理学学士,四年,525284,true
551,100403,妇幼保健医学,本科,医学,公共卫生与预防医学类,医学学士,五年,319827,false
552,100404,卫生监督,本科,医学,公共卫生与预防医学类,医学学士,五年,510121,false
553,100405,全球健康学,本科,医学,公共卫生与预防医学类,理学学士,四年,450606,false
1564,100406,运动与公共健康,本科,医学,公共卫生与预防医学类,理学学士,四年,43823,false
554,100501,中医学,本科,医学,中医学类,医学学士,五年,2001007,true
555,100502,针灸推拿学,本科,医学,中医学类,医学学士,五年,455375,false
556,100503,藏医学,本科,医学,中医学类,医学学士,五年,120273,false
557,100504,蒙医学,本科,医学,中医学类,医学学士,五年,99090,false
558,100505,维医学,本科,医学,中医学类,医学学士,五年,85815,false
559,100506,壮医学,本科,医学,中医学类,医学学士,五年,359491,false
560,100507,哈医学,本科,医学,中医学类,医学学士,五年,466762,false
561,100508,傣医学,本科,医学,中医学类,医学学士,五年,24859,false
562,100509,回医学,本科,医学,中医学类,医学学士,五年,31808,false
563,100510,中医康复学,本科,医学,中医学类,医学学士,五年,140629,false
564,100511,中医养生学,本科,医学,中医学类,医学学士,五年,134195,false
565,100512,中医儿科学,本科,医学,中医学类,医学学士,五年,92671,false
566,100513,中医骨伤科学,本科,医学,中医学类,医学学士,五年,118858,false
567,100601,中西医临床医学,本科,医学,中西医结合类,医学学士,五年,734021,true
2159,100701,药学,本科,医学,药学类,理学学士,四年,1288936,true
569,100702,药物制剂,本科,医学,药学类,理学学士,四年,298899,false
570,100703,临床药学,本科,医学,药学类,理学学士,五年，四年,623934,true
571,100704,药事管理,本科,医学,药学类,理学学士,四年,181485,false
572,100705,药物分析,本科,医学,药学类,理学学士,四年,375840,false
573,100706,药物化学,本科,医学,药学类,理学学士,四年,401026,false
574,100707,海洋药学,本科,医学,药学类,理学学士,四年,146143,false
575,100708,化妆品科学与技术,本科,医学,药学类,理学学士,四年,91202,false
2244,100709TK,药物经济与管理,本科,医学,药学类,,四年,72,false
576,100801,中药学,本科,医学,中药学类,理学学士,四年,603898,true
577,100802,中药资源与开发,本科,医学,中药学类,理学学士,四年,108956,false
578,100803,藏药学,本科,医学,中药学类,理学学士,五年，四年,62609,false
579,100804,蒙药学,本科,医学,中药学类,理学学士,四年,76937,false
2126,100805,中药制药,本科,医学,中药学类,"理学学士,工学学士",四年,369637,false
581,100806,中草药栽培与鉴定,本科,医学,中药学类,理学学士,四年,167810,false
582,100901,法医学,本科,医学,法医学类,医学学士,五年,892556,true
2157,101001,医学检验技术,本科,医学,医学技术类,理学学士,四年,793429,true
584,101002,医学实验技术,本科,医学,医学技术类,理学学士,四年,520720,false
2133,101003,医学影像技术,本科,医学,医学技术类,理学学士,四年,745150,true
586,101004,眼视光学,本科,医学,医学技术类,理学学士,四年,314886,false
587,101005,康复治疗学,本科,医学,医学技术类,理学学士,四年,514434,false
2158,101006,口腔医学技术,本科,医学,医学技术类,理学学士,四年,594915,true
589,101007,卫生检验与检疫,本科,医学,医学技术类,理学学士,四年,425078,false
590,101008,听力与言语康复学,本科,医学,医学技术类,理学学士,五年，四年,422830,false
591,101009,康复物理治疗,本科,医学,医学技术类,理学学士,四年,55973,false
592,101010,康复作业治疗,本科,医学,医学技术类,理学学士,四年,35541,false
2203,101016TK,健康与医疗保障,本科,医学,医学技术类,,四年,71,false
2195,101017TK,老年医学与健康,本科,医学,医学技术类,,四年,133,false
2277,101018TK,核医学工程,本科,医学,医学技术类,工学学士,四年,98,false
594,101101,护理学,本科,医学,护理学类,理学学士,四年,2309754,true
595,101102,助产学,本科,医学,护理学类,理学学士,四年,146716,false
596,120101,管理科学,本科,管理学,管理科学与工程类,"理学学士,管理学学士",五年，四年,635497,true
597,120102,信息管理与信息系统,本科,管理学,管理科学与工程类,"工学学士,管理学学士",四年,976878,true
598,120103,工程管理,本科,管理学,管理科学与工程类,"工学学士,管理学学士",四年,1065917,true
599,120104,房地产开发与管理,本科,管理学,管理科学与工程类,管理学学士,四年,546961,true
2160,120105,工程造价,本科,管理学,管理科学与工程类,"工学学士,管理学学士",四年,1604013,true
601,120106,保密管理,本科,管理学,管理科学与工程类,管理学学士,四年,521156,true
602,120107,邮政管理,本科,管理学,管理科学与工程类,管理学学士,四年,67189,false
603,120108,大数据管理与应用,本科,管理学,管理科学与工程类,管理学学士,四年,409100,false
604,120109,工程审计,本科,管理学,管理科学与工程类,管理学学士,四年,113507,false
605,120110,计算金融,本科,管理学,管理科学与工程类,管理学学士,四年,114086,false
2168,120111,应急管理,本科,管理学,管理科学与工程类,管理学学士,四年,78262,false
607,120201,工商管理,本科,管理学,工商管理类,管理学学士,四年,1963655,true
2161,120202,市场营销,本科,管理学,工商管理类,管理学学士,四年,1744410,true
609,120203,会计学,本科,管理学,工商管理类,管理学学士,四年,1959068,true
610,120204,财务管理,本科,管理学,工商管理类,管理学学士,四年,1125562,true
611,120205,国际商务,本科,管理学,工商管理类,管理学学士,四年,435843,false
2162,120206,人力资源管理,本科,管理学,工商管理类,管理学学士,四年,961137,true
613,120207,审计学,本科,管理学,工商管理类,管理学学士,四年,845546,true
614,120208,资产评估,本科,管理学,工商管理类,管理学学士,四年,302038,false
615,120209,物业管理,本科,管理学,工商管理类,管理学学士,四年,221599,false
616,120210,文化产业管理,本科,管理学,工商管理类,"管理学学士,艺术学学士",四年,593107,true
617,120211,劳动关系,本科,管理学,工商管理类,管理学学士,四年,109439,false
618,120212,体育经济与管理,本科,管理学,工商管理类,管理学学士,四年,468883,false
619,120213,财务会计教育,本科,管理学,工商管理类,管理学学士,四年,206832,false
620,120214,市场营销教育,本科,管理学,工商管理类,管理学学士,四年,108343,false
621,120215,零售业管理,本科,管理学,工商管理类,管理学学士,四年,25535,false
1567,120216,创业管理,本科,管理学,工商管理类,管理学学士,四年,39707,false
1597,120217,海关稽查,本科,管理学,工商管理类,管理学学士,四年,1152,false
2192,120218T,内部审计,本科,管理学,工商管理类,管理学学士,四年,,false
2278,120219TK,商业人工智能,本科,管理学,工商管理类,管理学学士,四年,77,false
622,120301,农林经济管理,本科,管理学,农业经济管理类,管理学学士,四年,231930,false
623,120302,农村区域发展,本科,管理学,农业经济管理类,"农学学士,管理学学士",四年,148232,false
1618,120303,乡村治理,本科,管理学,农业经济管理类,管理学学士,四年,,false
624,120401,公共事业管理,本科,管理学,公共管理类,管理学学士,四年,692981,true
2166,120402,行政管理,本科,管理学,公共管理类,管理学学士,四年,790349,true
626,120403,劳动与社会保障,本科,管理学,公共管理类,管理学学士,四年,292019,false
627,120404,土地资源管理,本科,管理学,公共管理类,"工学学士,管理学学士",四年,266361,false
628,120405,城市管理,本科,管理学,公共管理类,管理学学士,四年,210705,false
629,120406,海关管理,本科,管理学,公共管理类,管理学学士,四年,463701,false
630,120407,交通管理,本科,管理学,公共管理类,"工学学士,管理学学士",四年,390438,false
631,120408,海事管理,本科,管理学,公共管理类,管理学学士,四年,123437,false
632,120409,公共关系学,本科,管理学,公共管理类,管理学学士,四年,230225,false
633,120410,健康服务与管理,本科,管理学,公共管理类,管理学学士,四年,179739,false
634,120411,海警后勤管理,本科,管理学,公共管理类,管理学学士,四年,20680,false
635,120412,医疗产品管理,本科,管理学,公共管理类,管理学学士,四年,39352,false
636,120413,医疗保险,本科,管理学,公共管理类,管理学学士,四年,22877,false
637,120414,养老服务管理,本科,管理学,公共管理类,管理学学士,四年,53349,false
1568,120415,海关检验检疫安全,本科,管理学,公共管理类,管理学学士,四年,49454,false
1569,120416,海外安全管理,本科,管理学,公共管理类,管理学学士,四年,28728,false
1570,120417,自然资源登记与管理,本科,管理学,公共管理类,管理学学士,四年,28290,false
1598,120418,慈善管理,本科,管理学,公共管理类,管理学学士,四年,374,false
1619,120419,航空安防管理,本科,管理学,公共管理类,管理学学士,四年,,false
1620,120420,无障碍管理,本科,管理学,公共管理类,管理学学士,四年,,false
2245,120421TK,人才发展与管理,本科,管理学,公共管理类,,四年,39,false
2279,120422TK,数字公共治理,本科,管理学,公共管理类,管理学学士,四年,47,false
638,120501,图书馆学,本科,管理学,图书情报与档案管理类,管理学学士,四年,315087,false
639,120502,档案学,本科,管理学,图书情报与档案管理类,管理学学士,四年,380539,false
640,120503,信息资源管理,本科,管理学,图书情报与档案管理类,管理学学士,四年,255869,false
2280,120504T,数据资源与数据智能,本科,管理学,图书情报与档案管理类,管理学学士,四年,72,false
641,120601,物流管理,本科,管理学,物流管理与工程类,管理学学士,四年,949753,true
642,120602,物流工程,本科,管理学,物流管理与工程类,"工学学士,管理学学士",四年,259615,false
643,120603,采购管理,本科,管理学,物流管理与工程类,管理学学士,四年,352109,false
644,120604,供应链管理,本科,管理学,物流管理与工程类,管理学学士,四年,107575,false
645,120701,工业工程,本科,管理学,工业工程类,"工学学士,管理学学士",四年,399149,false
646,120702,标准化工程,本科,管理学,工业工程类,管理学学士,四年,359737,false
647,120703,质量管理工程,本科,管理学,工业工程类,管理学学士,四年,396483,false
2164,120801,电子商务,本科,管理学,电子商务类,"经济学学士,工学学士,管理学学士",四年,1207376,true
649,120802,电子商务及法律,本科,管理学,电子商务类,管理学学士,四年,344742,false
2127,120803,跨境电子商务,本科,管理学,电子商务类,管理学学士,四年,73449,false
2163,120901,旅游管理,本科,管理学,旅游管理类,管理学学士,四年,818505,true
2165,120902,酒店管理,本科,管理学,旅游管理类,管理学学士,四年,535173,true
653,120903,会展经济与管理,本科,管理学,旅游管理类,管理学学士,四年,481920,true
654,120904,旅游管理与服务教育,本科,管理学,旅游管理类,管理学学士,四年,141804,false
2237,120905TK,国际邮轮管理,本科,管理学,旅游管理类,,四年,65,false
2281,120906TK,数字文旅,本科,管理学,旅游管理类,管理学学士,四年,59,false
655,130101,艺术史论,本科,艺术学,艺术学理论类,艺术学学士,四年,494019,true
656,130102,艺术管理,本科,艺术学,艺术学理论类,艺术学学士,四年,176422,false
1571,130103,非物质文化遗产保护,本科,艺术学,艺术学理论类,艺术学学士,四年,93509,false
2143,130201,音乐表演,本科,艺术学,音乐与舞蹈学类,艺术学学士,四年,509337,true
658,130202,音乐学,本科,艺术学,音乐与舞蹈学类,艺术学学士,四年，五年,531506,true
659,130203,作曲与作曲技术理论,本科,艺术学,音乐与舞蹈学类,艺术学学士,四年，五年,136856,false
660,130204,舞蹈表演,本科,艺术学,音乐与舞蹈学类,艺术学学士,四年,534955,true
661,130205,舞蹈学,本科,艺术学,音乐与舞蹈学类,艺术学学士,四年,183247,false
662,130206,舞蹈编导,本科,艺术学,音乐与舞蹈学类,艺术学学士,四年,151803,false
663,130207,舞蹈教育,本科,艺术学,音乐与舞蹈学类,艺术学学士,四年,63449,false
664,130208,航空服务艺术与管理,本科,艺术学,音乐与舞蹈学类,艺术学学士,四年,117811,false
665,130209,流行音乐,本科,艺术学,音乐与舞蹈学类,艺术学学士,四年,64727,false
666,130210,音乐治疗,本科,艺术学,音乐与舞蹈学类,艺术学学士,四年,61356,false
667,130211,流行舞蹈,本科,艺术学,音乐与舞蹈学类,艺术学学士,四年,35208,false
1533,130212,音乐教育,本科,艺术学,音乐与舞蹈学类,艺术学学士,四年,74179,false
2193,130213TK,冰雪舞蹈表演,本科,艺术学,音乐与舞蹈学类,艺术学学士,四年,,false
2228,130214TK,舞蹈治疗,本科,艺术学,音乐与舞蹈学类,,四年,43,false
2223,130215T,音乐科技,本科,艺术学,音乐与舞蹈学类,,四年,51,false
2282,130216T,乐器智造,本科,艺术学,音乐与舞蹈学类,艺术学学士,四年,39,false
668,130301,表演,本科,艺术学,戏剧与影视学类,艺术学学士,四年,321264,false
669,130302,戏剧学,本科,艺术学,戏剧与影视学类,艺术学学士,四年,151160,false
670,130303,电影学,本科,艺术学,戏剧与影视学类,艺术学学士,四年,529827,true
671,130304,戏剧影视文学,本科,艺术学,戏剧与影视学类,艺术学学士,四年,291467,false
672,130305,广播电视编导,本科,艺术学,戏剧与影视学类,艺术学学士,四年,660702,true
673,130306,戏剧影视导演,本科,艺术学,戏剧与影视学类,艺术学学士,四年,397381,true
674,130307,戏剧影视美术设计,本科,艺术学,戏剧与影视学类,艺术学学士,四年,260437,false
675,130308,录音艺术,本科,艺术学,戏剧与影视学类,艺术学学士,四年,218025,false
676,130309,播音与主持艺术,本科,艺术学,戏剧与影视学类,艺术学学士,四年,752360,true
677,130310,动画,本科,艺术学,戏剧与影视学类,艺术学学士,四年,589697,true
2132,130311,影视摄影与制作,本科,艺术学,戏剧与影视学类,艺术学学士,四年,639451,true
679,130312,影视技术,本科,艺术学,戏剧与影视学类,艺术学学士,四年,57756,false
680,130313,戏剧教育,本科,艺术学,戏剧与影视学类,艺术学学士,四年,17795,false
1599,130314,曲艺,本科,艺术学,戏剧与影视学类,艺术学学士,四年,324,false
1600,130315,音乐剧,本科,艺术学,戏剧与影视学类,艺术学学士,四年,422,false
2213,130316T,数字戏剧,本科,艺术学,戏剧与影视学类,,五年,58,false
2209,130317T,数字演艺设计,本科,艺术学,戏剧与影视学类,,四年,48,false
2234,130318T,智能影像艺术,本科,艺术学,戏剧与影视学类,,四年,63,false
681,130401,美术学,本科,艺术学,美术学类,艺术学学士,四年,775484,true
682,130402,绘画,本科,艺术学,美术学类,艺术学学士,四年,309921,false
683,130403,雕塑,本科,艺术学,美术学类,艺术学学士,五年，四年,142744,false
684,130404,摄影,本科,艺术学,美术学类,艺术学学士,四年,324093,false
685,130405,书法学,本科,艺术学,美术学类,艺术学学士,四年,370140,false
686,130406,中国画,本科,艺术学,美术学类,艺术学学士,四年,478535,true
687,130407,实验艺术,本科,艺术学,美术学类,艺术学学士,四年,77373,false
688,130408,跨媒体艺术,本科,艺术学,美术学类,艺术学学士,四年,83888,false
689,130409,文物保护与修复,本科,艺术学,美术学类,艺术学学士,四年,92435,false
690,130410,漫画,本科,艺术学,美术学类,艺术学学士,四年,128803,false
1572,130411,纤维艺术,本科,艺术学,美术学类,艺术学学士,四年,23810,false
1601,130412,科技艺术,本科,艺术学,美术学类,艺术学学士,四年,355,false
1534,130413TK,美术教育,本科,艺术学,美术学类,艺术学学士,四年,44726,false
2218,130414T,虚拟空间艺术,本科,艺术学,美术学类,艺术学学士,四年,60,false
2283,130415T,艺术治疗,本科,艺术学,美术学类,艺术学学士,四年,53,false
691,130501,艺术设计学,本科,艺术学,设计学类,艺术学学士,四年,1009873,true
2129,130502,视觉传达设计,本科,艺术学,设计学类,艺术学学士,四年,992133,true
693,130503,环境设计,本科,艺术学,设计学类,艺术学学士,四年,782486,true
2131,130504,产品设计,本科,艺术学,设计学类,艺术学学士,四年,681331,true
2130,130505,服装与服饰设计,本科,艺术学,设计学类,艺术学学士,四年,533424,true
696,130506,公共艺术,本科,艺术学,设计学类,艺术学学士,四年,437624,true
2142,130507,工艺美术,本科,艺术学,设计学类,艺术学学士,四年,472134,true
2146,130508,数字媒体艺术,本科,艺术学,设计学类,艺术学学士,四年,663843,true
699,130509,艺术与科技,本科,艺术学,设计学类,艺术学学士,五年，四年,385933,false
700,130510,陶瓷艺术设计,本科,艺术学,设计学类,艺术学学士,四年,44533,false
701,130511,新媒体艺术,本科,艺术学,设计学类,艺术学学士,四年,119077,false
702,130512,包装设计,本科,艺术学,设计学类,艺术学学士,四年,71781,false
1602,130513,珠宝首饰设计与工艺,本科,艺术学,设计学类,艺术学学士,四年,877,false
2206,130514T,人居设计,本科,艺术学,设计学类,,四年,96,false
2250,130515TK,游戏艺术设计,本科,艺术学,设计学类,,四年,182,false
1621,140001TK,未来机器人,本科,交叉学科,交叉学科类,工学学士,四年,,true
2189,140002TK,交叉工程,本科,交叉学科,交叉学科类,工学学士,四年,,true
2246,140003TK,低空技术与工程,本科,交叉学科,交叉学科类,工学学士,四年,4955,true
2236,140004TK,集成电路科学与工程,本科,交叉学科,交叉学科类,工学学士,四年,183,true
2202,140005T,碳中和科学与工程,本科,交叉学科,交叉学科类,工学学士,四年,167,true
2196,140006T,智慧城市与空间规划,本科,交叉学科,交叉学科类,工学学士,四年,91,true
593,140007T,智能医学工程,本科,交叉学科,交叉学科类,工学学士,四年,190948,true
1565,140008T,生物医药数据科学,本科,交叉学科,交叉学科类,理学学士,四年,48567,true
1566,140009T,智能影像工程,本科,交叉学科,交叉学科类,工学学士,四年,48084,true
1622,140010TK,医工学,本科,交叉学科,交叉学科类,工学学士,四年,,true
2239,140011TK,医疗器械与装备工程,本科,交叉学科,交叉学科类,工学学士,四年,130,true
2284,140012TK,具身智能,本科,交叉学科,交叉学科类,工学学士,四年,221,true
2285,140013TK,脑机科学与技术,本科,交叉学科,交叉学科类,工学学士,四年,176,true
2286,140014T,工程互联网,本科,交叉学科,交叉学科类,工学学士,四年,72,true
2287,140015T,深地科学与工程,本科,交叉学科,交叉学科类,工学学士,四年,93,true
704,410101,种子生产与经营,专科,农林牧渔大类,农业类,,三年,212827,true
1724,410102,作物生产与经营管理,专科,农林牧渔大类,农业类,,三年,23449,false
706,410103,现代农业技术,专科,农林牧渔大类,农业类,,三年,503945,true
708,410104,生态农业技术,专科,农林牧渔大类,农业类,,三年,413522,true
709,410105,园艺技术,专科,农林牧渔大类,农业类,,三年,209485,true
710,410106,植物保护与检疫技术,专科,农林牧渔大类,农业类,,三年,444264,true
1726,410107,茶叶生产与加工技术,专科,农林牧渔大类,农业类,,三年,23605,false
1727,410108,中草药栽培与加工技术,专科,农林牧渔大类,农业类,,三年,28485,false
1728,410109,烟草栽培与加工技术,专科,农林牧渔大类,农业类,,三年,25222,false
1898,410110,饲草生产技术,专科,农林牧渔大类,农业类,,三年,21229,false
2055,410111,食用菌生产与加工技术,专科,农林牧渔大类,农业类,,三年,24664,false
705,410112,设施农业与装备,专科,农林牧渔大类,农业类,,三年,396505,true
1871,410113,现代农业装备应用技术,专科,农林牧渔大类,农业类,,三年,18443,false
715,410114,农产品加工与质量检测,专科,农林牧渔大类,农业类,,三年,348186,true
1729,410115,绿色食品生产技术,专科,农林牧渔大类,农业类,,三年,18477,false
718,410116,农产品流通与管理,专科,农林牧渔大类,农业类,,三年,361163,true
714,410117,棉花加工与经营管理,专科,农林牧渔大类,农业类,,三年,316592,true
1725,410118,休闲农业经营与管理,专科,农林牧渔大类,农业类,,三年,17611,false
1974,410119,现代农业经济管理,专科,农林牧渔大类,农业类,,三年,15726,false
1665,410120,农村新型经济组织管理,专科,农林牧渔大类,农业类,,三年,18483,false
2232,410121,高标准农田建设与应用技术,专科,农林牧渔大类,农业类,,三年,141,false
2214,410122,乡村治理技术,专科,农林牧渔大类,农业类,,三年,93,false
722,410201,林业技术,专科,农林牧渔大类,林业类,,三年,296644,true
723,410202,园林技术,专科,农林牧渔大类,林业类,,三年,197894,true
746,410203,草业技术,专科,农林牧渔大类,林业类,,三年,337222,true
1696,410204,花卉生产与花艺,专科,农林牧渔大类,林业类,,三年,19506,false
725,410205,经济林培育与利用,专科,农林牧渔大类,林业类,,三年,402615,true
1730,410206,森林和草原资源保护,专科,农林牧渔大类,林业类,,三年,19291,false
2115,410207,林草生态保护与修复,专科,农林牧渔大类,林业类,,三年,24523,false
2035,410208,野生动植物资源保护与利用,专科,农林牧渔大类,林业类,,三年,19194,false
1731,410209,自然保护地建设与管理,专科,农林牧渔大类,林业类,,三年,21521,false
1732,410210,森林生态旅游与康养,专科,农林牧渔大类,林业类,,三年,19016,false
1964,410211,林业信息技术应用,专科,农林牧渔大类,林业类,,三年,19103,false
1829,410212,木业智能装备应用技术,专科,农林牧渔大类,林业类,,三年,15153,false
1733,410213,木业产品设计与制造,专科,农林牧渔大类,林业类,,三年,15173,false
2231,410214,现代竹木产品设计与制造,专科,农林牧渔大类,林业类,,三年,118,false
736,410301,动物医学,专科,农林牧渔大类,畜牧业类,,三年,322552,true
737,410302,动物药学,专科,农林牧渔大类,畜牧业类,,三年,378704,true
735,410303,畜牧兽医,专科,农林牧渔大类,畜牧业类,,三年,508114,true
1889,410304,中兽医,专科,农林牧渔大类,畜牧业类,,三年,16396,false
2004,410305,宠物医疗技术,专科,农林牧渔大类,畜牧业类,,三年,37017,false
738,410306,动物防疫与检疫,专科,农林牧渔大类,畜牧业类,,三年,50183,false
1657,410307,畜禽智能化养殖,专科,农林牧渔大类,畜牧业类,,三年,14643,false
1688,410308,特种动物养殖技术,专科,农林牧渔大类,畜牧业类,,三年,23243,false
740,410309,宠物养护与驯导,专科,农林牧渔大类,畜牧业类,,三年,457848,true
1734,410310,动物营养与饲料,专科,农林牧渔大类,畜牧业类,,三年,23585,false
745,410311,蚕桑技术,专科,农林牧渔大类,畜牧业类,,三年,36547,false
749,410401,水产养殖技术,专科,农林牧渔大类,渔业类,,三年,63474,false
750,410402,海洋渔业技术,专科,农林牧渔大类,渔业类,,三年,403075,true
751,410403,水族科学与技术,专科,农林牧渔大类,渔业类,,三年,339623,true
752,410404,水生动物医学,专科,农林牧渔大类,渔业类,,三年,384349,true
2216,410405,休闲渔业经营与管理,专科,农林牧渔大类,渔业类,,三年,125,false
754,420101,国土资源调查与管理,专科,资源环境与安全大类,资源勘查类,,三年,481360,true
755,420102,地质调查与矿产普查,专科,资源环境与安全大类,资源勘查类,,三年,348587,true
1855,420103,生态地质调查,专科,资源环境与安全大类,资源勘查类,,三年,20002,false
1814,420104,矿产地质勘查,专科,资源环境与安全大类,资源勘查类,,三年,20865,false
1746,420105,煤田地质勘查,专科,资源环境与安全大类,资源勘查类,,三年,24301,false
757,420106,岩矿分析与鉴定,专科,资源环境与安全大类,资源勘查类,,三年,424763,true
758,420107,宝玉石鉴定与加工,专科,资源环境与安全大类,资源勘查类,,三年,460561,true
760,420201,工程地质勘查,专科,资源环境与安全大类,地质类,,三年,56433,false
761,420202,水文与工程地质,专科,资源环境与安全大类,地质类,,三年,99265,false
763,420203,矿山地质,专科,资源环境与安全大类,地质类,,三年,336097,true
1747,420204,钻探工程技术,专科,资源环境与安全大类,地质类,,三年,17785,false
767,420205,岩土工程技术,专科,资源环境与安全大类,地质类,,三年,72876,false
764,420206,地球物理勘探技术,专科,资源环境与安全大类,地质类,,三年,408623,true
765,420207,地质灾害调查与防治,专科,资源环境与安全大类,地质类,,三年,427915,true
766,420208,环境地质工程,专科,资源环境与安全大类,地质类,,三年,395900,true
2029,420209,城市地质勘查,专科,资源环境与安全大类,地质类,,三年,18583,false
768,420301,工程测量技术,专科,资源环境与安全大类,测绘地理信息类,,三年,116322,false
770,420302,测绘工程技术,专科,资源环境与安全大类,测绘地理信息类,,三年,184377,true
771,420303,测绘地理信息技术,专科,资源环境与安全大类,测绘地理信息类,,三年,413488,true
769,420304,摄影测量与遥感技术,专科,资源环境与安全大类,测绘地理信息类,,三年,131295,false
772,420305,地籍测绘与土地管理,专科,资源环境与安全大类,测绘地理信息类,,三年,347643,true
1854,420306,国土空间规划与测绘,专科,资源环境与安全大类,测绘地理信息类,,三年,26077,false
2092,420307,无人机测绘技术,专科,资源环境与安全大类,测绘地理信息类,,三年,20308,false
773,420308,矿山测量,专科,资源环境与安全大类,测绘地理信息类,,三年,54579,false
775,420309,导航与位置服务,专科,资源环境与安全大类,测绘地理信息类,,三年,363143,true
1948,420310,空间数字建模与应用技术,专科,资源环境与安全大类,测绘地理信息类,,三年,21256,false
781,420401,油气储运技术,专科,资源环境与安全大类,石油与天然气类,,三年,133263,false
782,420402,油气地质勘探技术,专科,资源环境与安全大类,石油与天然气类,,三年,359385,true
779,420403,钻井技术,专科,资源环境与安全大类,石油与天然气类,,三年,63925,false
1750,420404,油气智能开采技术,专科,资源环境与安全大类,石油与天然气类,,三年,22956,false
783,420405,油田化学应用技术,专科,资源环境与安全大类,石油与天然气类,,三年,42297,false
784,420406,石油工程技术,专科,资源环境与安全大类,石油与天然气类,,三年,320693,true
2008,420501,煤矿智能开采技术,专科,资源环境与安全大类,煤炭类,,三年,17406,false
1748,420502,矿井建设工程技术,专科,资源环境与安全大类,煤炭类,,三年,20284,false
1749,420503,通风技术与安全管理,专科,资源环境与安全大类,煤炭类,,三年,21743,false
1712,420504,矿山机电与智能装备,专科,资源环境与安全大类,煤炭类,,三年,15191,false
1838,420505,煤炭清洁利用技术,专科,资源环境与安全大类,煤炭类,,三年,16739,false
793,420506,煤层气采输技术,专科,资源环境与安全大类,煤炭类,,三年,333967,true
2011,420601,矿山智能开采技术,专科,资源环境与安全大类,金属与非金属矿类,,三年,25384,false
796,420602,矿物加工技术,专科,资源环境与安全大类,金属与非金属矿类,,三年,44104,false
798,420701,大气科学技术,专科,资源环境与安全大类,气象类,,三年,80492,false
799,420702,大气探测技术,专科,资源环境与安全大类,气象类,,三年,86967,false
800,420703,应用气象技术,专科,资源环境与安全大类,气象类,,三年,106200,false
1774,420704,雷电防护技术,专科,资源环境与安全大类,气象类,,三年,17244,false
1928,420801,环境监测技术,专科,资源环境与安全大类,环境保护类,,三年,25284,false
805,420802,环境工程技术,专科,资源环境与安全大类,环境保护类,,三年,414011,true
1773,420803,生态保护技术,专科,资源环境与安全大类,环境保护类,,三年,19227,false
1663,420804,生态环境大数据技术,专科,资源环境与安全大类,环境保护类,,三年,22100,false
1957,420805,环境管理与评价,专科,资源环境与安全大类,环境保护类,,三年,27149,false
1687,420806,生态环境修复技术,专科,资源环境与安全大类,环境保护类,,三年,19319,false
1719,420807,绿色低碳技术,专科,资源环境与安全大类,环境保护类,,三年,19221,false
1917,420808,资源综合利用技术,专科,资源环境与安全大类,环境保护类,,三年,21366,false
1672,420809,水净化与安全技术,专科,资源环境与安全大类,环境保护类,,三年,19991,false
807,420810,核与辐射检测防护技术,专科,资源环境与安全大类,环境保护类,,三年,359571,true
1968,420811,智能环保装备技术,专科,资源环境与安全大类,环境保护类,,三年,20059,false
816,420901,安全技术与管理,专科,资源环境与安全大类,安全类,,三年,450491,true
814,420902,化工安全技术,专科,资源环境与安全大类,安全类,,三年,424593,true
817,420903,工程安全评价与监理,专科,资源环境与安全大类,安全类,,三年,319670,true
1684,420904,安全智能监测技术,专科,资源环境与安全大类,安全类,,三年,16930,false
1775,420905,应急救援技术,专科,资源环境与安全大类,安全类,,三年,27049,false
2069,420906,消防救援技术,专科,资源环境与安全大类,安全类,,三年,21280,false
1680,420907,森林草原防火技术,专科,资源环境与安全大类,安全类,,三年,15176,false
1817,420908,职业健康安全技术,专科,资源环境与安全大类,安全类,,三年,17752,false
2205,420909,防灾减灾救灾技术,专科,资源环境与安全大类,安全类,,三年,110,false
820,430101,发电厂及电力系统,专科,能源动力与材料大类,电力技术类,,三年,182851,false
825,430102,水电站机电设备与自动化,专科,能源动力与材料大类,电力技术类,,三年,389453,true
1754,430103,水电站与电力网技术,专科,能源动力与材料大类,电力技术类,,三年,23491,false
1935,430104,分布式发电与智能微电网技术,专科,能源动力与材料大类,电力技术类,,三年,27733,false
822,430105,电力系统自动化技术,专科,能源动力与材料大类,电力技术类,,三年,222540,true
1755,430106,电力系统继电保护技术,专科,能源动力与材料大类,电力技术类,,三年,24791,false
1756,430107,输配电工程技术,专科,能源动力与材料大类,电力技术类,,三年,24011,false
821,430108,供用电技术,专科,能源动力与材料大类,电力技术类,,三年,109328,false
830,430109,农业电气化技术,专科,能源动力与材料大类,电力技术类,,三年,383225,true
1831,430110,机场电工技术,专科,能源动力与材料大类,电力技术类,,三年,21822,false
827,430111,电力客户服务与管理,专科,能源动力与材料大类,电力技术类,,三年,390292,true
2243,430112,电力储能应用技术,专科,能源动力与材料大类,电力技术类,,三年,222,false
1752,430201,热能动力工程技术,专科,能源动力与材料大类,热能与发电工程类,,三年,21121,false
833,430202,城市热能应用技术,专科,能源动力与材料大类,热能与发电工程类,,三年,56963,false
1860,430203,地热开发技术,专科,能源动力与材料大类,热能与发电工程类,,三年,21469,false
844,430204,太阳能光热技术与应用,专科,能源动力与材料大类,热能与发电工程类,,三年,407082,true
1753,430205,发电运行技术,专科,能源动力与材料大类,热能与发电工程类,,三年,27392,false
1820,430206,热工自动化技术,专科,能源动力与材料大类,热能与发电工程类,,三年,16205,false
834,430207,核电站动力设备运行与维护,专科,能源动力与材料大类,热能与发电工程类,,三年,388582,true
836,430208,电厂化学与环保技术,专科,能源动力与材料大类,热能与发电工程类,,三年,342902,true
1131,430301,光伏工程技术,专科,能源动力与材料大类,新能源发电工程类,,三年,343090,true
838,430302,风力发电工程技术,专科,能源动力与材料大类,新能源发电工程类,,三年,454565,true
840,430303,生物质能应用技术,专科,能源动力与材料大类,新能源发电工程类,,三年,429908,true
1864,430304,氢能技术应用,专科,能源动力与材料大类,新能源发电工程类,,三年,17001,false
842,430305,工业节能技术,专科,能源动力与材料大类,新能源发电工程类,,三年,382777,true
843,430306,节电技术与管理,专科,能源动力与材料大类,新能源发电工程类,,三年,360692,true
1848,430307,新能源材料应用技术,专科,能源动力与材料大类,新能源发电工程类,,三年,23401,false
1850,430401,钢铁智能冶金技术,专科,能源动力与材料大类,黑色金属材料类,,三年,22000,false
1658,430402,智能轧钢技术,专科,能源动力与材料大类,黑色金属材料类,,三年,24919,false
1709,430403,钢铁冶金设备维护,专科,能源动力与材料大类,黑色金属材料类,,三年,18822,false
1982,430404,金属材料检测技术,专科,能源动力与材料大类,黑色金属材料类,,三年,16032,false
1843,430501,有色金属智能冶金技术,专科,能源动力与材料大类,有色金属材料类,,三年,21431,false
1683,430502,金属智能加工技术,专科,能源动力与材料大类,有色金属材料类,,三年,17854,false
854,430503,金属精密成型技术,专科,能源动力与材料大类,有色金属材料类,,三年,314313,true
1892,430504,储能材料技术,专科,能源动力与材料大类,有色金属材料类,,三年,19494,false
2097,430505,稀土材料技术,专科,能源动力与材料大类,有色金属材料类,,三年,16653,false
855,430601,材料工程技术,专科,能源动力与材料大类,非金属材料类,,三年,66889,false
2111,430602,高分子材料智能制造技术,专科,能源动力与材料大类,非金属材料类,,三年,20320,false
1751,430603,复合材料智能制造技术,专科,能源动力与材料大类,非金属材料类,,三年,24426,false
1921,430604,航空复合材料成型与加工技术,专科,能源动力与材料大类,非金属材料类,,三年,14024,false
858,430605,非金属矿物材料技术,专科,能源动力与材料大类,非金属材料类,,三年,314943,true
859,430606,光伏材料制备技术,专科,能源动力与材料大类,非金属材料类,,三年,340588,true
861,430607,硅材料制备技术,专科,能源动力与材料大类,非金属材料类,,三年,358792,true
1660,430608,炭材料工程技术,专科,能源动力与材料大类,非金属材料类,,三年,20082,false
1661,430609,橡胶智能制造技术,专科,能源动力与材料大类,非金属材料类,,三年,13426,false
2194,430610,电子信息材料应用技术,专科,能源动力与材料大类,非金属材料类,,三年,113,false
863,430701,建筑材料工程技术,专科,能源动力与材料大类,建筑材料类,,三年,222289,true
867,430702,新型建筑材料技术,专科,能源动力与材料大类,建筑材料类,,三年,423339,true
865,430703,建筑装饰材料技术,专科,能源动力与材料大类,建筑材料类,,三年,403373,true
864,430704,建筑材料检测技术,专科,能源动力与材料大类,建筑材料类,,三年,401247,true
2080,430705,装配式建筑构件智能制造技术,专科,能源动力与材料大类,建筑材料类,,三年,20031,false
869,440101,建筑设计,专科,土木建筑大类,建筑设计类,,三年,843074,true
870,440102,建筑装饰工程技术,专科,土木建筑大类,建筑设计类,,三年,203371,true
871,440103,古建筑工程技术,专科,土木建筑大类,建筑设计类,,三年,361154,true
874,440104,园林工程技术,专科,土木建筑大类,建筑设计类,,三年,245043,true
873,440105,风景园林设计,专科,土木建筑大类,建筑设计类,,三年,397280,true
872,440106,建筑室内设计,专科,土木建筑大类,建筑设计类,,三年,576544,true
2090,440107,建筑动画技术,专科,土木建筑大类,建筑设计类,,三年,20580,false
2211,440108,装配化装修技术,专科,土木建筑大类,建筑设计类,,三年,112,false
876,440201,城乡规划,专科,土木建筑大类,城乡规划与管理类,,三年,368568,true
1691,440202,智慧城市管理技术,专科,土木建筑大类,城乡规划与管理类,,三年,17705,false
877,440203,村镇建设与管理,专科,土木建筑大类,城乡规划与管理类,,三年,342814,true
879,440301,建筑工程技术,专科,土木建筑大类,土建施工类,,三年,612508,true
2027,440302,装配式建筑工程技术,专科,土木建筑大类,土建施工类,,三年,18875,false
882,440303,建筑钢结构工程技术,专科,土木建筑大类,土建施工类,,三年,431921,true
1851,440304,智能建造技术,专科,土木建筑大类,土建施工类,,三年,26298,false
880,440305,地下与隧道工程技术,专科,土木建筑大类,土建施工类,,三年,442326,true
881,440306,土木工程检测技术,专科,土木建筑大类,土建施工类,,三年,467503,true
2201,440307,建筑加固与修复技术,专科,土木建筑大类,土建施工类,,三年,214,false
883,440401,建筑设备工程技术,专科,土木建筑大类,建筑设备类,,三年,135799,true
885,440402,建筑电气工程技术,专科,土木建筑大类,建筑设备类,,三年,95072,false
884,440403,供热通风与空调工程技术,专科,土木建筑大类,建筑设备类,,三年,115448,false
886,440404,建筑智能化工程技术,专科,土木建筑大类,建筑设备类,,三年,459214,true
887,440405,工业设备安装工程技术,专科,土木建筑大类,建筑设备类,,三年,93593,false
1758,440406,建筑消防技术,专科,土木建筑大类,建筑设备类,,三年,26908,false
890,440501,工程造价,专科,土木建筑大类,建设工程管理类,,三年,979217,true
889,440502,建设工程管理,专科,土木建筑大类,建设工程管理类,,三年,426557,true
1757,440503,建筑经济信息化管理,专科,土木建筑大类,建设工程管理类,,三年,17705,false
893,440504,建设工程监理,专科,土木建筑大类,建设工程管理类,,三年,355419,true
894,440601,市政工程技术,专科,土木建筑大类,市政工程类,,三年,161359,true
896,440602,给排水工程技术,专科,土木建筑大类,市政工程类,,三年,128758,true
895,440603,城市燃气工程技术,专科,土木建筑大类,市政工程类,,三年,93931,false
1710,440604,市政管网智能检测与维护,专科,土木建筑大类,市政工程类,,三年,24486,false
2114,440605,城市环境工程技术,专科,土木建筑大类,市政工程类,,三年,17038,false
898,440701,房地产经营与管理,专科,土木建筑大类,房地产类,,三年,434760,true
1883,440702,房地产智能检测与估价,专科,土木建筑大类,房地产类,,三年,21069,false
1759,440703,现代物业管理,专科,土木建筑大类,房地产类,,三年,18967,false
1760,450101,水文与水资源技术,专科,水利大类,水文水资源类,,三年,16550,true
903,450102,水政水资源管理,专科,水利大类,水文水资源类,,三年,88137,true
904,450201,水利工程,专科,水利大类,水利工程与管理类,,三年,165375,true
1704,450202,智慧水利技术,专科,水利大类,水利工程与管理类,,三年,25447,true
905,450203,水利水电工程技术,专科,水利大类,水利工程与管理类,,三年,398023,true
1762,450204,水利水电工程智能管理,专科,水利大类,水利工程与管理类,,三年,18139,true
907,450205,水利水电建筑工程,专科,水利大类,水利工程与管理类,,三年,113803,true
908,450206,机电排灌工程技术,专科,水利大类,水利工程与管理类,,三年,314104,true
1761,450207,治河与航道工程技术,专科,水利大类,水利工程与管理类,,三年,17791,true
1763,450208,智能水务管理,专科,水利大类,水利工程与管理类,,三年,24099,true
1764,450301,水电站设备安装与管理,专科,水利大类,水利水电设备类,,三年,25681,true
1676,450302,水电站运行与智能管理,专科,水利大类,水利水电设备类,,三年,26142,true
1641,450303,水利机电设备智能管理,专科,水利大类,水利水电设备类,,三年,17194,true
915,450401,水土保持技术,专科,水利大类,水土保持与水环境类,,三年,426448,true
1765,450402,水环境智能监测与治理,专科,水利大类,水土保持与水环境类,,三年,19606,true
1918,450403,水生态修复技术,专科,水利大类,水土保持与水环境类,,三年,14905,true
917,460101,机械设计与制造,专科,装备制造大类,机械设计制造类,,三年,355012,true
1701,460102,数字化设计与制造技术,专科,装备制造大类,机械设计制造类,,三年,27476,false
919,460103,数控技术,专科,装备制造大类,机械设计制造类,,三年,327075,false
1887,460104,机械制造及自动化,专科,装备制造大类,机械设计制造类,,三年,62636,false
934,460105,工业设计,专科,装备制造大类,机械设计制造类,,三年,524250,true
935,460106,工业工程技术,专科,装备制造大类,机械设计制造类,,三年,372121,true
1702,460107,材料成型及控制技术,专科,装备制造大类,机械设计制造类,,三年,16745,false
1668,460108,现代铸造技术,专科,装备制造大类,机械设计制造类,,三年,17600,false
1656,460109,现代锻压技术,专科,装备制造大类,机械设计制造类,,三年,18061,false
1766,460110,智能焊接技术,专科,装备制造大类,机械设计制造类,,三年,25143,false
2036,460111,工业材料表面处理技术,专科,装备制造大类,机械设计制造类,,三年,16222,false
1675,460112,增材制造技术,专科,装备制造大类,机械设计制造类,,三年,21508,false
929,460113,模具设计与制造,专科,装备制造大类,机械设计制造类,,三年,184400,false
921,460114,特种加工技术,专科,装备制造大类,机械设计制造类,,三年,346003,false
1824,460115,智能光电制造技术,专科,装备制造大类,机械设计制造类,,三年,21886,false
931,460116,电线电缆制造技术,专科,装备制造大类,机械设计制造类,,三年,107677,false
1768,460117,内燃机制造与应用技术,专科,装备制造大类,机械设计制造类,,三年,17270,false
933,460118,机械装备制造技术,专科,装备制造大类,机械设计制造类,,三年,419176,true
1767,460119,工业产品质量检测技术,专科,装备制造大类,机械设计制造类,,三年,20301,false
928,460120,理化测试与质检技术,专科,装备制造大类,机械设计制造类,,三年,321260,false
1894,460201,智能制造装备技术,专科,装备制造大类,机电设备类,,三年,31385,false
2045,460202,机电设备技术,专科,装备制造大类,机电设备类,,三年,31300,false
930,460203,电机与电器技术,专科,装备制造大类,机电设备类,,三年,387027,true
942,460204,新能源装备技术,专科,装备制造大类,机电设备类,,三年,425358,true
940,460205,制冷与空调技术,专科,装备制造大类,机电设备类,,三年,119671,false
950,460206,电梯工程技术,专科,装备制造大类,机电设备类,,三年,441785,true
943,460301,机电一体化技术,专科,装备制造大类,自动化类,,三年,639347,true
1905,460302,智能机电技术,专科,装备制造大类,自动化类,,三年,17842,false
946,460303,智能控制技术,专科,装备制造大类,自动化类,,三年,411673,true
1716,460304,智能机器人技术,专科,装备制造大类,自动化类,,三年,23329,false
951,460305,工业机器人技术,专科,装备制造大类,自动化类,,三年,580762,true
944,460306,电气自动化技术,专科,装备制造大类,自动化类,,三年,266197,false
945,460307,工业过程自动化技术,专科,装备制造大类,自动化类,,三年,325874,false
1681,460308,工业自动化仪表技术,专科,装备制造大类,自动化类,,三年,21564,false
949,460309,液压与气动技术,专科,装备制造大类,自动化类,,三年,50411,false
1980,460310,工业互联网应用,专科,装备制造大类,自动化类,,三年,24862,false
2064,460311,计量测试与应用技术,专科,装备制造大类,自动化类,,三年,16431,false
952,460401,铁道机车车辆制造与维护,专科,装备制造大类,轨道装备类,,三年,376165,true
1840,460402,高速铁路动车组制造与维护,专科,装备制造大类,轨道装备类,,三年,18658,false
2125,460403,城市轨道交通车辆制造与维护,专科,装备制造大类,轨道装备类,,三年,24540,false
2079,460404,轨道交通通信信号设备制造与维护,专科,装备制造大类,轨道装备类,,三年,25619,false
2087,460405,轨道交通工程机械制造与维护,专科,装备制造大类,轨道装备类,,三年,25128,false
955,460501,船舶工程技术,专科,装备制造大类,船舶与海洋工程装备类,,三年,166376,false
963,460502,船舶动力工程技术,专科,装备制造大类,船舶与海洋工程装备类,,三年,402776,true
957,460503,船舶电气工程技术,专科,装备制造大类,船舶与海洋工程装备类,,三年,358978,true
1841,460504,船舶智能焊接技术,专科,装备制造大类,船舶与海洋工程装备类,,三年,14071,false
958,460505,船舶舾装工程技术,专科,装备制造大类,船舶与海洋工程装备类,,三年,355674,true
959,460506,船舶涂装工程技术,专科,装备制造大类,船舶与海洋工程装备类,,三年,376561,true
1886,460507,船舶通信装备技术,专科,装备制造大类,船舶与海洋工程装备类,,三年,22678,false
960,460508,游艇设计与制造,专科,装备制造大类,船舶与海洋工程装备类,,三年,336193,false
1965,460509,邮轮内装技术,专科,装备制造大类,船舶与海洋工程装备类,,三年,25047,false
1679,460510,海洋工程装备技术,专科,装备制造大类,船舶与海洋工程装备类,,三年,16129,false
1674,460601,飞行器数字化制造技术,专科,装备制造大类,航空装备类,,三年,24648,false
1993,460602,飞行器数字化装配技术,专科,装备制造大类,航空装备类,,三年,13639,false
966,460603,航空发动机制造技术,专科,装备制造大类,航空装备类,,三年,342878,false
1743,460604,航空发动机装配调试技术,专科,装备制造大类,航空装备类,,三年,18520,false
1896,460605,飞机机载设备装配调试技术,专科,装备制造大类,航空装备类,,三年,22043,false
1975,460606,航空装备表面处理技术,专科,装备制造大类,航空装备类,,三年,24684,false
965,460607,飞行器维修技术,专科,装备制造大类,航空装备类,,三年,390803,true
968,460608,航空发动机维修技术,专科,装备制造大类,航空装备类,,三年,408404,true
973,460609,无人机应用技术,专科,装备制造大类,航空装备类,,三年,410999,true
972,460610,航空材料精密成型技术,专科,装备制造大类,航空装备类,,三年,423815,true
1642,460611,导弹维修技术,专科,装备制造大类,航空装备类,,三年,19781,false
2235,460612,航天装备精密制造技术,专科,装备制造大类,航空装备类,,三年,171,false
1832,460701,汽车制造与试验技术,专科,装备制造大类,汽车制造类,,三年,34911,false
981,460702,新能源汽车技术,专科,装备制造大类,汽车制造类,,三年,531901,true
977,460703,汽车电子技术,专科,装备制造大类,汽车制造类,,三年,90499,false
2116,460704,智能网联汽车技术,专科,装备制造大类,汽车制造类,,三年,27483,false
2102,460705,汽车造型与改装技术,专科,装备制造大类,汽车制造类,,三年,23777,false
982,470101,食品生物技术,专科,生物与化工大类,生物技术类,,三年,188234,true
984,470102,药品生物技术,专科,生物与化工大类,生物技术类,,三年,450915,true
985,470103,农业生物技术,专科,生物与化工大类,生物技术类,,三年,334394,true
983,470104,化工生物技术,专科,生物与化工大类,生物技术类,,三年,367322,true
986,470105,生物产品检验检疫,专科,生物与化工大类,生物技术类,,三年,371709,true
1922,470106,绿色生物制造技术,专科,生物与化工大类,生物技术类,,三年,24092,true
1652,470107,生物信息技术,专科,生物与化工大类,生物技术类,,三年,16208,true
987,470201,应用化工技术,专科,生物与化工大类,化工技术类,,三年,194074,true
988,470202,石油炼制技术,专科,生物与化工大类,化工技术类,,三年,320328,true
991,470203,精细化工技术,专科,生物与化工大类,化工技术类,,三年,396162,true
989,470204,石油化工技术,专科,生物与化工大类,化工技术类,,三年,445964,true
998,470205,煤化工技术,专科,生物与化工大类,化工技术类,,三年,400867,true
990,470206,高分子合成技术,专科,生物与化工大类,化工技术类,,三年,438025,true
992,470207,海洋化工技术,专科,生物与化工大类,化工技术类,,三年,432903,true
1849,470208,分析检验技术,专科,生物与化工大类,化工技术类,,三年,24481,true
2018,470209,化工智能制造技术,专科,生物与化工大类,化工技术类,,三年,22853,true
994,470210,化工装备技术,专科,生物与化工大类,化工技术类,,三年,363141,true
995,470211,化工自动化技术,专科,生物与化工大类,化工技术类,,三年,344736,true
996,470212,涂装防护技术,专科,生物与化工大类,化工技术类,,三年,315585,true
997,470213,烟花爆竹技术与管理,专科,生物与化工大类,化工技术类,,三年,359362,true
2242,470214,现代工业清洗技术,专科,生物与化工大类,化工技术类,,三年,86,false
1004,480101,化妆品技术,专科,轻工纺织大类,轻化工类,,三年,478595,true
1777,480102,现代造纸技术,专科,轻工纺织大类,轻化工类,,三年,13893,false
1003,480103,家具设计与制造,专科,轻工纺织大类,轻化工类,,三年,248784,true
1007,480104,鞋类设计与工艺,专科,轻工纺织大类,轻化工类,,三年,63321,true
1943,480105,陶瓷制造技术与工艺,专科,轻工纺织大类,轻化工类,,三年,22617,false
2043,480106,珠宝首饰技术与管理,专科,轻工纺织大类,轻化工类,,三年,22766,false
1005,480107,皮革加工技术,专科,轻工纺织大类,轻化工类,,三年,398736,true
1006,480108,皮具制作与工艺,专科,轻工纺织大类,轻化工类,,三年,420722,true
1008,480109,乐器制造与维护,专科,轻工纺织大类,轻化工类,,三年,422864,true
1638,480110,香料香精技术与工艺,专科,轻工纺织大类,轻化工类,,三年,23151,false
1002,480111,表面精饰工艺,专科,轻工纺织大类,轻化工类,,三年,99206,true
1010,480201,包装工程技术,专科,轻工纺织大类,包装类,,三年,341447,true
1011,480202,包装策划与设计,专科,轻工纺织大类,包装类,,三年,369708,true
1018,480301,数字印刷技术,专科,轻工纺织大类,印刷类,,三年,318880,true
1017,480302,印刷媒体技术,专科,轻工纺织大类,印刷类,,三年,346097,true
2040,480303,印刷数字图文技术,专科,轻工纺织大类,印刷类,,三年,15118,false
1015,480304,印刷设备应用技术,专科,轻工纺织大类,印刷类,,三年,314572,true
1019,480401,现代纺织技术,专科,轻工纺织大类,纺织服装类,,三年,99593,true
1028,480402,服装设计与工艺,专科,轻工纺织大类,纺织服装类,,三年,413287,true
1020,480403,丝绸技术,专科,轻工纺织大类,纺织服装类,,三年,57459,false
1027,480404,针织技术与针织服装,专科,轻工纺织大类,纺织服装类,,三年,93204,true
1776,480405,数字化染整技术,专科,轻工纺织大类,纺织服装类,,三年,21649,false
1024,480406,纺织品设计,专科,轻工纺织大类,纺织服装类,,三年,65256,true
1778,480407,现代家用纺织品设计,专科,轻工纺织大类,纺织服装类,,三年,25461,false
1026,480408,纺织材料与应用,专科,轻工纺织大类,纺织服装类,,三年,315067,true
2059,480409,现代非织造技术,专科,轻工纺织大类,纺织服装类,,三年,16434,false
1022,480410,纺织机电技术,专科,轻工纺织大类,纺织服装类,,三年,355593,true
1023,480411,纺织品检验与贸易,专科,轻工纺织大类,纺织服装类,,三年,77827,true
1029,480412,皮革服装制作与工艺,专科,轻工纺织大类,纺织服装类,,三年,334483,true
1779,490101,食品智能加工技术,专科,食品药品与粮食大类,食品类,,三年,26326,true
1033,490102,食品质量与安全,专科,食品药品与粮食大类,食品类,,三年,472050,true
2012,490103,食品营养与健康,专科,食品药品与粮食大类,食品类,,三年,30943,true
1821,490104,食品检验检测技术,专科,食品药品与粮食大类,食品类,,三年,50193,true
1032,490105,酿酒技术,专科,食品药品与粮食大类,食品类,,三年,57051,true
1034,490106,食品贮运与营销,专科,食品药品与粮食大类,食品类,,三年,69940,true
1039,490201,药品生产技术,专科,食品药品与粮食大类,药品与医疗器械类,,三年,419876,true
1823,490202,生物制药技术,专科,食品药品与粮食大类,药品与医疗器械类,,三年,91591,true
1629,490203,药物制剂技术,专科,食品药品与粮食大类,药品与医疗器械类,,三年,118114,true
1988,490204,化学制药技术,专科,食品药品与粮食大类,药品与医疗器械类,,三年,48204,true
1040,490205,兽药制药技术,专科,食品药品与粮食大类,药品与医疗器械类,,三年,377339,true
1041,490206,药品质量与安全,专科,食品药品与粮食大类,药品与医疗器械类,,三年,384253,true
1042,490207,制药设备应用技术,专科,食品药品与粮食大类,药品与医疗器械类,,三年,318799,true
1043,490208,药品经营与管理,专科,食品药品与粮食大类,药品与医疗器械类,,三年,262978,true
1644,490209,食品药品监督管理,专科,食品药品与粮食大类,药品与医疗器械类,,三年,71429,true
1637,490210,智能医疗装备技术,专科,食品药品与粮食大类,药品与医疗器械类,,三年,31787,true
2098,490211,医用电子仪器技术,专科,食品药品与粮食大类,药品与医疗器械类,,三年,22862,true
1992,490212,医用材料与应用,专科,食品药品与粮食大类,药品与医疗器械类,,三年,17615,false
1196,490213,医疗器械维护与管理,专科,食品药品与粮食大类,药品与医疗器械类,,三年,437207,true
1874,490214,医疗器械经营与服务,专科,食品药品与粮食大类,药品与医疗器械类,,三年,18963,false
1197,490215,康复工程技术,专科,食品药品与粮食大类,药品与医疗器械类,,三年,323470,true
1745,490216,保健食品质量与管理,专科,食品药品与粮食大类,药品与医疗器械类,,三年,19417,false
1046,490217,化妆品经营与管理,专科,食品药品与粮食大类,药品与医疗器械类,,三年,350149,true
1949,490218,化妆品质量与安全,专科,食品药品与粮食大类,药品与医疗器械类,,三年,19249,false
1780,490301,粮食工程技术与管理,专科,食品药品与粮食大类,粮食类,,三年,19100,false
1781,490302,粮食储运与质量安全,专科,食品药品与粮食大类,粮食类,,三年,17903,false
1052,500101,铁道工程技术,专科,交通运输大类,铁道运输类,,三年,386413,true
1645,500102,高速铁路施工与维护,专科,交通运输大类,铁道运输类,,三年,22879,false
1999,500103,铁道桥梁隧道工程技术,专科,交通运输大类,铁道运输类,,三年,19303,false
1650,500104,铁道养路机械应用技术,专科,交通运输大类,铁道运输类,,三年,21601,false
1739,500105,铁道机车运用与维护,专科,交通运输大类,铁道运输类,,三年,45533,false
1738,500106,铁道车辆技术,专科,交通运输大类,铁道运输类,,三年,30914,false
1051,500107,铁道供电技术,专科,交通运输大类,铁道运输类,,三年,392293,true
1061,500108,动车组检修技术,专科,交通运输大类,铁道运输类,,三年,352032,false
1700,500109,高速铁路综合维修技术,专科,交通运输大类,铁道运输类,,三年,27534,false
1054,500110,铁道信号自动控制,专科,交通运输大类,铁道运输类,,三年,461910,true
1055,500111,铁道通信与信息化技术,专科,交通运输大类,铁道运输类,,三年,471921,true
1056,500112,铁道交通运营管理,专科,交通运输大类,铁道运输类,,三年,323058,false
1659,500113,高速铁路客运服务,专科,交通运输大类,铁道运输类,,三年,78109,false
1736,500201,道路与桥梁工程技术,专科,交通运输大类,道路运输类,,三年,33082,false
1737,500202,道路机械化施工技术,专科,交通运输大类,道路运输类,,三年,20944,false
1654,500203,智能工程机械运用技术,专科,交通运输大类,道路运输类,,三年,27295,false
1891,500204,道路工程检测技术,专科,交通运输大类,道路运输类,,三年,15803,false
2049,500205,道路工程造价,专科,交通运输大类,道路运输类,,三年,21079,false
1065,500206,道路养护与管理,专科,交通运输大类,道路运输类,,三年,321898,false
1735,500207,智能交通技术,专科,交通运输大类,道路运输类,,三年,29047,false
1912,500208,道路运输管理,专科,交通运输大类,道路运输类,,三年,27947,false
1068,500209,交通运营管理,专科,交通运输大类,道路运输类,,三年,221002,false
1911,500210,汽车技术服务与营销,专科,交通运输大类,道路运输类,,三年,26478,false
976,500211,汽车检测与维修技术,专科,交通运输大类,道路运输类,,三年,36376,false
1662,500212,新能源汽车检测与维修技术,专科,交通运输大类,道路运输类,,三年,21961,false
1074,500301,航海技术,专科,交通运输大类,水上运输类,,三年,385426,true
1080,500302,港口与航道工程技术,专科,交通运输大类,水上运输类,,三年,380546,true
1083,500303,轮机工程技术,专科,交通运输大类,水上运输类,,三年,124236,false
1075,500304,国际邮轮乘务管理,专科,交通运输大类,水上运输类,,三年,376340,true
1995,500305,水路运输安全管理,专科,交通运输大类,水上运输类,,三年,25388,false
1813,500306,港口机械与智能控制,专科,交通运输大类,水上运输类,,三年,15038,false
1081,500307,港口与航运管理,专科,交通运输大类,水上运输类,,三年,191281,false
1076,500308,船舶电子电气技术,专科,交通运输大类,水上运输类,,三年,320244,false
1077,500309,船舶检验,专科,交通运输大类,水上运输类,,三年,79139,false
1086,500310,集装箱运输管理,专科,交通运输大类,水上运输类,,三年,111221,false
1741,500401,民航运输服务,专科,交通运输大类,航空运输类,,三年,27626,false
1088,500402,民航通信技术,专科,交通运输大类,航空运输类,,三年,348682,false
1089,500403,定翼机驾驶技术,专科,交通运输大类,航空运输类,,三年,405928,true
1090,500404,直升机驾驶技术,专科,交通运输大类,航空运输类,,三年,345981,false
1091,500405,空中乘务,专科,交通运输大类,航空运输类,,三年,562185,true
1092,500406,民航安全技术管理,专科,交通运输大类,航空运输类,,三年,180326,false
1093,500407,民航空中安全保卫,专科,交通运输大类,航空运输类,,三年,350799,false
1742,500408,机场运行服务与管理,专科,交通运输大类,航空运输类,,三年,17637,false
1095,500409,飞机机电设备维修,专科,交通运输大类,航空运输类,,三年,399105,true
1096,500410,飞机电子设备维修,专科,交通运输大类,航空运输类,,三年,437754,true
1097,500411,飞机部件修理,专科,交通运输大类,航空运输类,,三年,401891,true
1102,500412,通用航空器维修,专科,交通运输大类,航空运输类,,三年,385640,true
1104,500413,飞机结构修理,专科,交通运输大类,航空运输类,,三年,381405,true
1098,500414,航空地面设备维修,专科,交通运输大类,航空运输类,,三年,424222,true
1099,500415,机场场务技术与管理,专科,交通运输大类,航空运输类,,三年,321057,false
1103,500416,通用航空航务技术,专科,交通运输大类,航空运输类,,三年,343450,false
1100,500417,航空油料,专科,交通运输大类,航空运输类,,三年,400214,true
1105,500501,管道工程技术,专科,交通运输大类,管道运输类,,三年,72608,false
1106,500502,管道运输管理,专科,交通运输大类,管道运输类,,三年,75452,false
1111,500601,城市轨道交通工程技术,专科,交通运输大类,城市轨道交通类,,三年,1253060,true
1740,500602,城市轨道车辆应用技术,专科,交通运输大类,城市轨道交通类,,三年,24881,false
1108,500603,城市轨道交通机电技术,专科,交通运输大类,城市轨道交通类,,三年,413959,true
1109,500604,城市轨道交通通信信号技术,专科,交通运输大类,城市轨道交通类,,三年,433495,true
1110,500605,城市轨道交通供配电技术,专科,交通运输大类,城市轨道交通类,,三年,369820,true
1112,500606,城市轨道交通运营管理,专科,交通运输大类,城市轨道交通类,,三年,227139,false
1682,500701,邮政快递运营管理,专科,交通运输大类,邮政类,,三年,27714,false
2056,500702,邮政快递智能技术,专科,交通运输大类,邮政类,,三年,15563,false
1113,500703,邮政通信管理,专科,交通运输大类,邮政类,,三年,365194,false
1115,510101,电子信息工程技术,专科,电子与信息大类,电子信息类,,三年,688764,true
1133,510102,物联网应用技术,专科,电子与信息大类,电子信息类,,三年,734583,true
1116,510103,应用电子技术,专科,电子与信息大类,电子信息类,,三年,286095,true
1816,510104,电子产品制造技术,专科,电子与信息大类,电子信息类,,三年,19101,false
1694,510105,电子产品检测技术,专科,电子与信息大类,电子信息类,,三年,24896,false
1129,510106,移动互联应用技术,专科,电子与信息大类,电子信息类,,三年,97439,true
1121,510107,汽车智能技术,专科,电子与信息大类,电子信息类,,三年,457579,true
1969,510108,智能产品开发与应用,专科,电子与信息大类,电子信息类,,三年,25964,false
1910,510109,智能光电技术应用,专科,电子与信息大类,电子信息类,,三年,18782,false
1132,510110,光电显示技术,专科,电子与信息大类,电子信息类,,三年,430412,true
1134,510201,计算机应用技术,专科,电子与信息大类,计算机类,,三年,1450714,true
1135,510202,计算机网络技术,专科,电子与信息大类,计算机类,,三年,740120,true
1138,510203,软件技术,专科,电子与信息大类,计算机类,,三年,642712,true
2077,510204,数字媒体技术,专科,电子与信息大类,计算机类,,三年,145445,true
2122,510205,大数据技术,专科,电子与信息大类,计算机类,,三年,193746,true
1721,510206,云计算技术应用,专科,电子与信息大类,计算机类,,三年,66583,true
1655,510207,信息安全技术应用,专科,电子与信息大类,计算机类,,三年,70856,true
1669,510208,虚拟现实技术应用,专科,电子与信息大类,计算机类,,三年,38667,false
1944,510209,人工智能技术应用,专科,电子与信息大类,计算机类,,三年,104259,true
1770,510210,嵌入式技术应用,专科,电子与信息大类,计算机类,,三年,21175,false
1769,510211,工业互联网技术,专科,电子与信息大类,计算机类,,三年,30700,false
1882,510212,区块链技术应用,专科,电子与信息大类,计算机类,,三年,19998,false
1145,510213,移动应用开发,专科,电子与信息大类,计算机类,,三年,367186,true
2033,510214,工业软件开发技术,专科,电子与信息大类,计算机类,,三年,16802,false
1140,510215,动漫制作技术,专科,电子与信息大类,计算机类,,三年,674495,true
1713,510216,密码技术应用,专科,电子与信息大类,计算机类,,三年,20034,false
2220,510217,人工智能数据工程技术,专科,电子与信息大类,计算机类,,三年,436,false
1818,510301,现代通信技术,专科,电子与信息大类,通信类,,三年,49620,false
1772,510302,现代移动通信技术,专科,电子与信息大类,通信类,,三年,23377,false
2086,510303,通信软件技术,专科,电子与信息大类,通信类,,三年,22558,false
1628,510304,卫星通信与导航技术,专科,电子与信息大类,通信类,,三年,14957,false
1151,510305,通信工程设计与监理,专科,电子与信息大类,通信类,,三年,417840,true
1150,510306,通信系统运行管理,专科,电子与信息大类,通信类,,三年,110315,true
1972,510307,智能互联网络技术,专科,电子与信息大类,通信类,,三年,27409,false
1863,510308,网络规划与优化技术,专科,电子与信息大类,通信类,,三年,23036,false
1152,510309,电信服务与管理,专科,电子与信息大类,通信类,,三年,345276,true
2204,510310,数据中心运行与管理,专科,电子与信息大类,通信类,,,101,false
1890,510401,集成电路技术,专科,电子与信息大类,集成电路类,,三年,29317,false
1117,510402,微电子技术,专科,电子与信息大类,集成电路类,,三年,141199,true
1155,520101,临床医学,专科,医药卫生大类,临床医学类,,三年,3033855,true
1156,520102,口腔医学,专科,医药卫生大类,临床医学类,,三年,2932781,true
1165,520201,护理,专科,医药卫生大类,护理类,,三年,1310783,true
1166,520202,助产,专科,医药卫生大类,护理类,,三年,186705,false
1167,520301,药学,专科,医药卫生大类,药学类,,三年,306742,false
1157,520401,中医学,专科,医药卫生大类,中医药类,,三年,2419317,true
1158,520402,中医骨伤,专科,医药卫生大类,中医药类,,三年,253132,false
1159,520403,针灸推拿,专科,医药卫生大类,中医药类,,三年,404068,true
1160,520404,蒙医学,专科,医药卫生大类,中医药类,,三年,104750,false
1161,520405,藏医学,专科,医药卫生大类,中医药类,,三年,93035,false
1162,520406,维医学,专科,医药卫生大类,中医药类,,三年,65670,false
1163,520407,傣医学,专科,医药卫生大类,中医药类,,三年,401098,true
1164,520408,哈医学,专科,医药卫生大类,中医药类,,三年,409018,true
2107,520409,朝医学,专科,医药卫生大类,中医药类,,三年,19631,false
1168,520410,中药学,专科,医药卫生大类,中医药类,,三年,404696,true
1169,520411,蒙药学,专科,医药卫生大类,中医药类,,三年,422307,true
1170,520412,维药学,专科,医药卫生大类,中医药类,,三年,94376,false
1171,520413,藏药学,专科,医药卫生大类,中医药类,,三年,336981,false
1678,520414,中药材生产与加工,专科,医药卫生大类,中医药类,,三年,15311,false
1976,520415,中药制药,专科,医药卫生大类,中医药类,,三年,25343,false
1183,520416,中医康复技术,专科,医药卫生大类,中医药类,,三年,482231,true
1192,520417,中医养生保健,专科,医药卫生大类,中医药类,,三年,407419,true
2028,520418,药膳与食疗,专科,医药卫生大类,中医药类,,三年,17454,false
1172,520501,医学检验技术,专科,医药卫生大类,医学技术类,,三年,290260,false
1174,520502,医学影像技术,专科,医药卫生大类,医学技术类,,三年,376627,true
1173,520503,医学生物技术,专科,医药卫生大类,医学技术类,,三年,333442,false
1176,520504,口腔医学技术,专科,医药卫生大类,医学技术类,,三年,230272,false
1179,520505,放射治疗技术,专科,医药卫生大类,医学技术类,,三年,418073,true
1180,520506,呼吸治疗技术,专科,医药卫生大类,医学技术类,,三年,89471,false
1175,520507,医学美容技术,专科,医药卫生大类,医学技术类,,三年,500527,true
1177,520508,卫生检验与检疫技术,专科,医药卫生大类,医学技术类,,三年,338575,false
1181,520601,康复治疗技术,专科,医药卫生大类,康复治疗类,,三年,314074,false
1198,520602,康复辅助器具技术,专科,医药卫生大类,康复治疗类,,三年,320651,false
1182,520603,言语听觉康复技术,专科,医药卫生大类,康复治疗类,,三年,385791,true
1185,520701,公共卫生管理,专科,医药卫生大类,公共卫生与卫生管理类,,三年,274265,false
1187,520702,卫生信息管理,专科,医药卫生大类,公共卫生与卫生管理类,,三年,128504,false
1184,520703,预防医学,专科,医药卫生大类,公共卫生与卫生管理类,,三年,393193,true
1835,520704,健康大数据管理与服务,专科,医药卫生大类,公共卫生与卫生管理类,,三年,28254,false
1190,520801,健康管理,专科,医药卫生大类,健康管理与促进类,,三年,477518,true
1913,520802,婴幼儿托育服务与管理,专科,医药卫生大类,健康管理与促进类,,三年,34324,false
1200,520803,老年保健与管理,专科,医药卫生大类,健康管理与促进类,,三年,402383,true
1193,520804,心理咨询,专科,医药卫生大类,健康管理与促进类,,三年,1082315,true
1191,520805,医学营养,专科,医药卫生大类,健康管理与促进类,,三年,917382,true
1872,520806,生殖健康管理,专科,医药卫生大类,健康管理与促进类,,三年,25878,false
2217,520807,口腔卫生保健,专科,医药卫生大类,健康管理与促进类,,,309,false
1178,520901,眼视光技术,专科,医药卫生大类,眼视光类,,三年,258415,false
1819,520902,眼视光仪器技术,专科,医药卫生大类,眼视光类,,三年,25876,false
1711,520903,视觉训练与康复,专科,医药卫生大类,眼视光类,,三年,19831,false
2031,530101,财税大数据应用,专科,财经商贸大类,财政税务类,,三年,40990,false
1203,530102,资产评估与管理,专科,财经商贸大类,财政税务类,,三年,125933,false
1204,530103,政府采购管理,专科,财经商贸大类,财政税务类,,三年,349710,true
2221,530104,财政支出绩效管理,专科,财经商贸大类,财政税务类,,,75,false
2062,530201,金融服务与管理,专科,财经商贸大类,金融类,,三年,72394,false
2104,530202,金融科技应用,专科,财经商贸大类,金融类,,三年,30825,false
1983,530203,保险实务,专科,财经商贸大类,金融类,,三年,21623,false
1211,530204,信用管理,专科,财经商贸大类,金融类,,三年,363634,true
1782,530205,财富管理,专科,财经商贸大类,金融类,,三年,25339,false
1783,530206,证券实务,专科,财经商贸大类,金融类,,三年,21964,false
1206,530207,国际金融,专科,财经商贸大类,金融类,,三年,230018,true
1212,530208,农村金融,专科,财经商贸大类,金融类,,三年,409741,true
1784,530301,大数据与财务管理,专科,财经商贸大类,财务会计类,,三年,105333,false
1785,530302,大数据与会计,专科,财经商贸大类,财务会计类,,三年,290682,true
1931,530303,大数据与审计,专科,财经商贸大类,财务会计类,,三年,41215,false
1217,530304,会计信息管理,专科,财经商贸大类,财务会计类,,三年,475506,true
2197,530305,业财数据应用与管理,专科,财经商贸大类,财务会计类,,三年,181,false
1786,530401,统计与大数据分析,专科,财经商贸大类,统计类,,三年,27910,false
1219,530402,统计与会计核算,专科,财经商贸大类,统计类,,三年,384292,true
1698,530403,市场调查与统计分析,专科,财经商贸大类,统计类,,三年,15787,false
1221,530501,国际经济与贸易,专科,财经商贸大类,经济贸易类,,三年,331182,true
1222,530502,国际商务,专科,财经商贸大类,经济贸易类,,三年,95043,false
1744,530503,关务与外贸服务,专科,财经商贸大类,经济贸易类,,三年,29586,false
1223,530504,服务外包,专科,财经商贸大类,经济贸易类,,三年,316997,true
1227,530505,国际文化贸易,专科,财经商贸大类,经济贸易类,,三年,316383,true
2247,530506,国际服务贸易,专科,财经商贸大类,经济贸易类,,三年,89,false
1228,530601,工商企业管理,专科,财经商贸大类,工商管理类,,三年,231830,true
1787,530602,连锁经营与管理,专科,财经商贸大类,工商管理类,,三年,18441,false
1229,530603,商务管理,专科,财经商贸大类,工商管理类,,三年,123687,false
1991,530604,中小企业创业与经营,专科,财经商贸大类,工商管理类,,三年,19015,false
1234,530605,市场营销,专科,财经商贸大类,工商管理类,,三年,276129,true
1238,530701,电子商务,专科,财经商贸大类,电子商务类,,三年,460633,true
1866,530702,跨境电子商务,专科,财经商贸大类,电子商务类,,三年,67755,false
1239,530703,移动商务,专科,财经商贸大类,电子商务类,,三年,396584,true
1667,530704,网络营销与直播电商,专科,财经商贸大类,电子商务类,,三年,33399,false
1706,530705,农村电子商务,专科,财经商贸大类,电子商务类,,三年,14657,false
1868,530706,商务数据分析与应用,专科,财经商贸大类,电子商务类,,三年,52068,false
1241,530801,物流工程技术,专科,财经商贸大类,物流类,,三年,431246,true
1788,530802,现代物流管理,专科,财经商贸大类,物流类,,三年,89151,false
1640,530803,航空物流管理,专科,财经商贸大类,物流类,,三年,22055,false
1057,530804,铁路物流管理,专科,财经商贸大类,物流类,,三年,345870,true
1246,530805,冷链物流技术与管理,专科,财经商贸大类,物流类,,三年,323383,true
1082,530806,港口物流管理,专科,财经商贸大类,物流类,,三年,406331,true
1245,530807,工程物流管理,专科,财经商贸大类,物流类,,三年,379428,true
1247,530808,采购与供应管理,专科,财经商贸大类,物流类,,三年,403062,true
1771,530809,智能物流技术,专科,财经商贸大类,物流类,,三年,20286,false
1847,530810,供应链运营,专科,财经商贸大类,物流类,,三年,17164,false
1248,540101,旅游管理,专科,旅游大类,旅游类,,三年,253370,true
1249,540102,导游,专科,旅游大类,旅游类,,三年,141085,true
1789,540103,旅行社经营与管理,专科,旅游大类,旅游类,,三年,20802,true
1859,540104,定制旅行管理与服务,专科,旅游大类,旅游类,,三年,18413,true
1902,540105,研学旅行管理与服务,专科,旅游大类,旅游类,,三年,25807,true
1791,540106,酒店管理与数字化运营,专科,旅游大类,旅游类,,三年,45045,true
1692,540107,民宿管理与运营,专科,旅游大类,旅游类,,三年,24079,true
1833,540108,葡萄酒文化与营销,专科,旅游大类,旅游类,,三年,20960,true
1978,540109,茶艺与茶文化,专科,旅游大类,旅游类,,三年,21194,true
1790,540110,智慧景区开发与管理,专科,旅游大类,旅游类,,三年,18725,true
1990,540111,智慧旅游技术应用,专科,旅游大类,旅游类,,三年,24704,true
1259,540112,会展策划与管理,专科,旅游大类,旅游类,,三年,166232,true
1253,540113,休闲服务与管理,专科,旅游大类,旅游类,,三年,375921,true
1792,540201,餐饮智能管理,专科,旅游大类,餐饮类,,三年,17720,true
1793,540202,烹饪工艺与营养,专科,旅游大类,餐饮类,,三年,26231,true
1257,540203,中西面点工艺,专科,旅游大类,餐饮类,,三年,457783,true
1794,540204,西式烹饪工艺,专科,旅游大类,餐饮类,,三年,19228,true
1256,540205,营养配餐,专科,旅游大类,餐饮类,,三年,331190,true
1260,550101,艺术设计,专科,文化艺术大类,艺术设计类,,三年,282306,false
1636,550102,视觉传达设计,专科,文化艺术大类,艺术设计类,,三年,91450,false
1263,550103,数字媒体艺术设计,专科,文化艺术大类,艺术设计类,,三年,558974,true
1264,550104,产品艺术设计,专科,文化艺术大类,艺术设计类,,三年,469685,true
1267,550105,服装与服饰设计,专科,文化艺术大类,艺术设计类,,三年,394199,true
1270,550106,环境艺术设计,专科,文化艺术大类,艺术设计类,,三年,215497,false
1804,550107,书画艺术,专科,文化艺术大类,艺术设计类,,三年,19306,false
1271,550108,公共艺术设计,专科,文化艺术大类,艺术设计类,,三年,432307,true
1639,550109,游戏艺术设计,专科,文化艺术大类,艺术设计类,,三年,48088,false
1269,550110,展示艺术设计,专科,文化艺术大类,艺术设计类,,三年,326524,false
1282,550111,美容美体艺术,专科,文化艺术大类,艺术设计类,,三年,333183,false
1278,550112,工艺美术品设计,专科,文化艺术大类,艺术设计类,,三年,444553,true
1803,550113,广告艺术设计,专科,文化艺术大类,艺术设计类,,三年,52471,false
1268,550114,室内艺术设计,专科,文化艺术大类,艺术设计类,,三年,468796,true
1265,550115,家具艺术设计,专科,文化艺术大类,艺术设计类,,三年,345687,false
1279,550116,动漫设计,专科,文化艺术大类,艺术设计类,,三年,628800,true
1281,550117,人物形象设计,专科,文化艺术大类,艺术设计类,,三年,214209,false
1283,550118,摄影与摄像艺术,专科,文化艺术大类,艺术设计类,,三年,424817,true
1272,550119,雕刻艺术设计,专科,文化艺术大类,艺术设计类,,三年,341275,false
1266,550120,皮具艺术设计,专科,文化艺术大类,艺术设计类,,三年,400542,true
1273,550121,包装艺术设计,专科,文化艺术大类,艺术设计类,,三年,363783,false
1274,550122,陶瓷设计与工艺,专科,文化艺术大类,艺术设计类,,三年,384216,true
1277,550123,首饰设计与工艺,专科,文化艺术大类,艺术设计类,,三年,370582,false
1276,550124,玉器设计与工艺,专科,文化艺术大类,艺术设计类,,三年,422122,true
1275,550125,刺绣设计与工艺,专科,文化艺术大类,艺术设计类,,三年,425069,true
2021,550126,雕塑设计,专科,文化艺术大类,艺术设计类,,三年,19656,false
1030,550127,服装陈列与展示设计,专科,文化艺术大类,艺术设计类,,三年,367333,false
2199,550128,数字时尚设计,专科,文化艺术大类,艺术设计类,,三年,135,false
2241,550129,玩具设计与制作,专科,文化艺术大类,艺术设计类,,三年,118,false
2198,550130,眼镜造型设计与工艺,专科,文化艺术大类,艺术设计类,,三年,103,false
1837,550201,音乐表演,专科,文化艺术大类,表演艺术类,,三年,121269,false
1291,550202,舞蹈表演,专科,文化艺术大类,表演艺术类,,三年,209278,false
1288,550203,戏曲表演,专科,文化艺术大类,表演艺术类,,三年,24557,false
1285,550204,表演艺术,专科,文化艺术大类,表演艺术类,,三年,63286,false
1286,550205,戏剧影视表演,专科,文化艺术大类,表演艺术类,,三年,402779,true
1287,550206,歌舞表演,专科,文化艺术大类,表演艺术类,,三年,380680,false
1289,550207,曲艺表演,专科,文化艺术大类,表演艺术类,,三年,398492,true
1290,550208,音乐剧表演,专科,文化艺术大类,表演艺术类,,三年,362261,false
1292,550209,国际标准舞,专科,文化艺术大类,表演艺术类,,三年,423758,true
1295,550210,现代流行音乐,专科,文化艺术大类,表演艺术类,,三年,435391,true
1954,550211,戏曲音乐,专科,文化艺术大类,表演艺术类,,三年,16260,false
1297,550212,音乐制作,专科,文化艺术大类,表演艺术类,,三年,365916,false
1298,550213,钢琴伴奏,专科,文化艺术大类,表演艺术类,,三年,360492,false
1299,550214,钢琴调律,专科,文化艺术大类,表演艺术类,,三年,57629,false
1300,550215,舞蹈编导,专科,文化艺术大类,表演艺术类,,三年,362070,false
2109,550216,音乐传播,专科,文化艺术大类,表演艺术类,,三年,15214,false
2084,550217,时尚表演与传播,专科,文化艺术大类,表演艺术类,,三年,15862,false
1302,550218,舞台艺术设计与制作,专科,文化艺术大类,表演艺术类,,三年,382346,true
1296,550219,作曲技术,专科,文化艺术大类,表演艺术类,,三年,25780,false
2038,550220,现代魔术设计与表演,专科,文化艺术大类,表演艺术类,,三年,13416,false
2230,550221,现代杂技表演艺术,专科,文化艺术大类,表演艺术类,,三年,92,false
1303,550301,民族表演艺术,专科,文化艺术大类,民族文化艺术类,,三年,397987,true
1304,550302,民族美术,专科,文化艺术大类,民族文化艺术类,,三年,378538,false
2024,550303,民族服装与饰品,专科,文化艺术大类,民族文化艺术类,,三年,24176,false
1307,550304,民族传统技艺,专科,文化艺术大类,民族文化艺术类,,三年,335499,false
1309,550305,中国少数民族语言文化,专科,文化艺术大类,民族文化艺术类,,三年,73653,false
1310,550401,文化创意与策划,专科,文化艺术大类,文化服务类,,三年,385865,true
1798,550402,文化产业经营与管理,专科,文化艺术大类,文化服务类,,三年,15554,false
1312,550403,公共文化服务与管理,专科,文化艺术大类,文化服务类,,三年,391927,true
1313,550404,文物修复与保护,专科,文化艺术大类,文化服务类,,三年,375012,false
2000,550405,文物考古技术,专科,文化艺术大类,文化服务类,,三年,15055,false
2026,550406,文物展示利用技术,专科,文化艺术大类,文化服务类,,三年,25288,false
1316,550407,图书档案管理,专科,文化艺术大类,文化服务类,,三年,215080,false
1857,550408,石窟寺保护技术,专科,文化艺术大类,文化服务类,,三年,25291,false
2200,550409,文物数字技术,专科,文化艺术大类,文化服务类,,三年,184,false
1826,560101,数字图文信息处理技术,专科,新闻传播大类,新闻出版类,,三年,23387,true
1318,560102,网络新闻与传播,专科,新闻传播大类,新闻出版类,,三年,614196,true
1961,560103,出版策划与编辑,专科,新闻传播大类,新闻出版类,,三年,16215,false
1320,560104,出版商务,专科,新闻传播大类,新闻出版类,,三年,415480,true
1323,560105,数字出版,专科,新闻传播大类,新闻出版类,,三年,420299,true
1664,560106,数字媒体设备应用与管理,专科,新闻传播大类,新闻出版类,,三年,26052,true
1326,560201,播音与主持,专科,新闻传播大类,广播影视类,,三年,461812,true
1327,560202,广播影视节目制作,专科,新闻传播大类,广播影视类,,三年,465428,true
1805,560203,数字广播电视技术,专科,新闻传播大类,广播影视类,,三年,16721,false
1330,560204,影视编导,专科,新闻传播大类,广播影视类,,三年,405286,true
1325,560205,新闻采编与制作,专科,新闻传播大类,广播影视类,,三年,183947,true
1333,560206,影视动画,专科,新闻传播大类,广播影视类,,三年,179254,true
1329,560207,影视制片管理,专科,新闻传播大类,广播影视类,,三年,440946,true
1332,560208,影视多媒体技术,专科,新闻传播大类,广播影视类,,三年,277388,true
1334,560209,影视照明技术与艺术,专科,新闻传播大类,广播影视类,,三年,381162,true
1335,560210,音像技术,专科,新闻传播大类,广播影视类,,三年,78438,true
1336,560211,录音技术与艺术,专科,新闻传播大类,广播影视类,,三年,431392,true
1337,560212,摄影摄像技术,专科,新闻传播大类,广播影视类,,三年,165886,true
1673,560213,融媒体技术与运营,专科,新闻传播大类,广播影视类,,三年,26687,true
1836,560214,网络直播与运营,专科,新闻传播大类,广播影视类,,三年,19890,true
1338,560215,传播与策划,专科,新闻传播大类,广播影视类,,三年,399666,true
1986,560216,全媒体广告策划与营销,专科,新闻传播大类,广播影视类,,三年,21337,true
2233,560217,数字影像档案技术,专科,新闻传播大类,广播影视类,,三年,154,false
1340,570101,早期教育,专科,教育与体育大类,教育类,,三年,531414,true
1341,570102,学前教育,专科,教育与体育大类,教育类,,三年,623831,true
1342,570103,小学教育,专科,教育与体育大类,教育类,,三年,912303,true
1799,570104,小学语文教育,专科,教育与体育大类,教育类,,三年,175138,true
1800,570105,小学数学教育,专科,教育与体育大类,教育类,,三年,80232,false
1801,570106,小学英语教育,专科,教育与体育大类,教育类,,三年,79075,false
2113,570107,小学科学教育,专科,教育与体育大类,教育类,,三年,31302,false
1351,570108,音乐教育,专科,教育与体育大类,教育类,,三年,193470,true
1352,570109,美术教育,专科,教育与体育大类,教育类,,三年,131661,false
1353,570110,体育教育,专科,教育与体育大类,教育类,,三年,219831,true
1802,570111,小学道德与法治教育,专科,教育与体育大类,教育类,,三年,30312,false
1355,570112,舞蹈教育,专科,教育与体育大类,教育类,,三年,100627,false
1356,570113,艺术教育,专科,教育与体育大类,教育类,,三年,76357,false
1357,570114,特殊教育,专科,教育与体育大类,教育类,,三年,161415,false
1359,570115,现代教育技术,专科,教育与体育大类,教育类,,三年,91924,false
1360,570116,心理健康教育,专科,教育与体育大类,教育类,,三年,467792,true
1362,570201,商务英语,专科,教育与体育大类,语言类,,三年,204480,true
1363,570202,应用英语,专科,教育与体育大类,语言类,,三年,224582,true
1364,570203,旅游英语,专科,教育与体育大类,语言类,,三年,74203,false
1368,570204,应用韩语,专科,教育与体育大类,语言类,,三年,97768,false
1365,570205,商务日语,专科,教育与体育大类,语言类,,三年,153547,false
1366,570206,应用日语,专科,教育与体育大类,语言类,,三年,127103,false
1367,570207,旅游日语,专科,教育与体育大类,语言类,,三年,67957,false
1376,570208,应用外语,专科,教育与体育大类,语言类,,三年,437000,true
1797,570209,中文,专科,教育与体育大类,语言类,,三年,50542,false
1369,570210,应用俄语,专科,教育与体育大类,语言类,,三年,52903,false
1370,570211,应用法语,专科,教育与体育大类,语言类,,三年,163085,false
1372,570212,应用西班牙语,专科,教育与体育大类,语言类,,三年,198594,true
1371,570213,应用德语,专科,教育与体育大类,语言类,,三年,163971,false
1374,570214,应用泰语,专科,教育与体育大类,语言类,,三年,316537,true
1373,570215,应用越南语,专科,教育与体育大类,语言类,,三年,55238,false
1375,570216,应用阿拉伯语,专科,教育与体育大类,语言类,,三年,82169,false
1381,570301,社会体育,专科,教育与体育大类,体育类,,三年,65050,false
1382,570302,休闲体育,专科,教育与体育大类,体育类,,三年,424419,true
1379,570303,运动训练,专科,教育与体育大类,体育类,,三年,111899,false
1384,570304,民族传统体育,专科,教育与体育大类,体育类,,三年,36431,false
1380,570305,运动防护,专科,教育与体育大类,体育类,,三年,319926,true
1387,570306,体育保健与康复,专科,教育与体育大类,体育类,,三年,444427,true
1388,570307,健身指导与管理,专科,教育与体育大类,体育类,,三年,344119,true
1900,570308,运动健康指导,专科,教育与体育大类,体育类,,三年,19370,false
1989,570309,运动数据分析,专科,教育与体育大类,体育类,,三年,24530,false
1877,570310,体能训练,专科,教育与体育大类,体育类,,三年,15555,false
1386,570311,体育运营与管理,专科,教育与体育大类,体育类,,三年,330414,true
2061,570312,电子竞技运动与管理,专科,教育与体育大类,体育类,,三年,153159,true
1383,570313,高尔夫球运动与管理,专科,教育与体育大类,体育类,,三年,360116,true
1815,570314,冰雪运动与管理,专科,教育与体育大类,体育类,,三年,22744,false
2054,570315,冰雪设施运维与管理,专科,教育与体育大类,体育类,,三年,21631,false
1385,570316,体育艺术表演,专科,教育与体育大类,体育类,,三年,338662,true
2238,570317,足球运动与管理,专科,教育与体育大类,体育类,,三年,126,false
1389,580101,治安管理,专科,公安与司法大类,公安管理类,,三年,170845,true
1807,580102,道路交通管理,专科,公安与司法大类,公安管理类,,三年,24287,false
1395,580103,特警,专科,公安与司法大类,公安管理类,,三年,440211,true
1809,580104,警务指挥与战术,专科,公安与司法大类,公安管理类,,三年,20303,false
1408,580201,刑事科学技术,专科,公安与司法大类,公安技术类,,三年,414504,true
1808,580202,网络安全与执法,专科,公安与司法大类,公安技术类,,三年,26268,false
1409,580203,警犬技术,专科,公安与司法大类,公安技术类,,三年,147755,true
1410,580301,刑事侦查,专科,公安与司法大类,侦查类,,三年,54151,false
1806,580302,政治安全保卫,专科,公安与司法大类,侦查类,,三年,15497,false
1412,580303,经济犯罪侦查,专科,公安与司法大类,侦查类,,三年,165775,true
1413,580304,禁毒,专科,公安与司法大类,侦查类,,三年,136847,true
1416,580401,法律事务,专科,公安与司法大类,法律实务类,,三年,613350,true
1415,580402,法律文秘,专科,公安与司法大类,法律实务类,,三年,144152,true
1417,580403,检察事务,专科,公安与司法大类,法律实务类,,三年,445908,true
1418,580501,刑事执行,专科,公安与司法大类,法律执行类,,三年,95010,true
1419,580502,民事执行,专科,公安与司法大类,法律执行类,,三年,96115,true
1420,580503,行政执行,专科,公安与司法大类,法律执行类,,三年,374782,true
1421,580504,司法警务,专科,公安与司法大类,法律执行类,,三年,128308,true
1422,580505,社区矫正,专科,公安与司法大类,法律执行类,,三年,414179,true
1423,580601,刑事侦查技术,专科,公安与司法大类,司法技术类,,三年,216136,true
1425,580602,司法信息技术,专科,公安与司法大类,司法技术类,,三年,145455,true
1426,580603,司法鉴定技术,专科,公安与司法大类,司法技术类,,三年,163443,true
1427,580604,司法信息安全,专科,公安与司法大类,司法技术类,,三年,83559,false
1428,580605,罪犯心理测量与矫正技术,专科,公安与司法大类,司法技术类,,三年,154653,true
1429,580606,戒毒矫治技术,专科,公安与司法大类,司法技术类,,三年,361795,true
1424,580701,安全防范技术,专科,公安与司法大类,安全防范类,,三年,99413,true
2096,580702,安全保卫管理,专科,公安与司法大类,安全防范类,,三年,25644,false
2094,580703,智能安防运营管理,专科,公安与司法大类,安全防范类,,三年,16277,false
1431,590101,社会工作,专科,公共管理与服务大类,公共事业类,,三年,305902,true
1842,590102,党务工作,专科,公共管理与服务大类,公共事业类,,三年,19095,false
1433,590103,青少年工作与管理,专科,公共管理与服务大类,公共事业类,,三年,67349,true
1434,590104,社区管理与服务,专科,公共管理与服务大类,公共事业类,,三年,105637,true
1435,590105,公共关系,专科,公共管理与服务大类,公共事业类,,三年,56768,true
2046,590106,公益慈善事业管理,专科,公共管理与服务大类,公共事业类,,三年,25922,true
2208,590107,政务服务,专科,公共管理与服务大类,公共事业类,,,125,false
1795,590201,民政服务与管理,专科,公共管理与服务大类,公共管理类,,三年,19435,true
1438,590202,人力资源管理,专科,公共管理与服务大类,公共管理类,,三年,215323,true
1439,590203,劳动与社会保障,专科,公共管理与服务大类,公共管理类,,三年,136817,true
1440,590204,网络舆情监测,专科,公共管理与服务大类,公共管理类,,三年,437999,true
1441,590205,公共事务管理,专科,公共管理与服务大类,公共管理类,,三年,84525,true
1442,590206,行政管理,专科,公共管理与服务大类,公共管理类,,三年,734677,true
1443,590207,质量管理与认证,专科,公共管理与服务大类,公共管理类,,三年,389707,true
1444,590208,知识产权管理,专科,公共管理与服务大类,公共管理类,,三年,371633,true
1630,590209,职业指导与服务,专科,公共管理与服务大类,公共管理类,,三年,19141,false
1861,590210,标准化技术,专科,公共管理与服务大类,公共管理类,,三年,17816,false
2227,590211,检验检测技术与管理,专科,公共管理与服务大类,公共管理类,,三年,110,false
2224,590212,储备物资储藏与管理,专科,公共管理与服务大类,公共管理类,,三年,95,false
1962,590301,现代家政服务与管理,专科,公共管理与服务大类,公共服务类,,三年,23851,true
1796,590302,智慧健康养老服务与管理,专科,公共管理与服务大类,公共服务类,,三年,42359,true
1448,590303,社区康复,专科,公共管理与服务大类,公共服务类,,三年,60760,true
1447,590304,婚庆服务与管理,专科,公共管理与服务大类,公共服务类,,三年,370473,true
1449,590305,现代殡葬技术与管理,专科,公共管理与服务大类,公共服务类,,三年,406434,true
1689,590306,殡葬设备维护技术,专科,公共管理与服务大类,公共服务类,,三年,24103,false
1953,590307,陵园服务与管理,专科,公共管理与服务大类,公共服务类,,三年,25941,true
2048,590401,现代文秘,专科,公共管理与服务大类,文秘类,,三年,30443,true
