direction,source_id,source_title,source_url,source_year,issuing_org,keyword,evidence_excerpt
advanced_manufacturing,ndrc_15th_five_year_plan_2026,中华人民共和国国民经济和社会发展第十五个五年规划纲要,https://www.ndrc.gov.cn/fggz/fzzlgh/gjfzgh/202603/U020260317369114704096.pdf,2026,国家发展改革委,高端装备,机器人、生物医药、高端装备、航空航天等战略性新兴产业发展，
advanced_manufacturing,miit_ai_manufacturing_action_2026,工业和信息化部等八部门关于印发《“人工智能+制造”专项行动实施意见》的通知-国家数据局,https://www.nda.gov.cn/sjj/zwgk/zcfb/0112/20260107214358696030895_pc.html,2026,工业和信息化部等八部门,智能制造,...过滤许可证冲突与漏洞风险，全面夯实“人工智能+软件”融合创新的数据底座。 附件2 制造业企业人工智能应用指南 人工智能与制造业全要素、全流程、全链条深度融合，是破解产业升级瓶颈、塑造国际竞争优势的重要途径。为加快推动人工智能与制造业深度融合，推动数字技术与制造优势更好结合，提升制造业企业应用人工智能的科学化、规范化水平，全面赋能新型工业化，制定本指南。 使用人工智能进行研发设计、生产制造、经营管理及开展延伸服务的企业适用本指...
advanced_manufacturing,government_work_report_2026_spp,《政府工作报告》全文_中华人民共和国最高人民检察院,https://www.spp.gov.cn/spp/tt/202603/t20260313_723952.shtml,2026,新华社/最高人民检察院转载,机器人,一年来，我国发展向新向优、彰显蓬勃活力。新质生产力稳步发展，科技创新成果丰硕，人工智能、生物医药、机器人、量子科技等研发应用走在世界前列，芯片自主研发有了新突破，天问二号开启“追星”之旅，北斗规模应用全面拓展，雅下水电工程开工建设，首艘国产电磁弹射型航母福建舰正式入列，国产大模型引领全球开源生态。产业结构持续优化，高技术制造业、装备制造业增加值分别增长9.4%、9.2%，工业机器人、集成电路产量分别增长28%、10.9%，新能源汽...
artificial_intelligence,ndrc_ai_bidding_2026,【关于加快招标投标领域人工智能推广应用的实施意见(发改法规〔2026〕195号)】-国家发展和改革委员会,https://www.ndrc.gov.cn/xxgk/zcfb/tz/202602/t20260210_1403680.html,2026,国家发展改革委等部门,人工智能,关于加快招标投标领域人工智能推广应用的实施意见(发改法规〔2026〕195号)
artificial_intelligence,ndrc_15th_five_year_plan_2026,中华人民共和国国民经济和社会发展第十五个五年规划纲要,https://www.ndrc.gov.cn/fggz/fzzlgh/gjfzgh/202603/U020260317369114704096.pdf,2026,国家发展改革委,算力,第十二章 强化算力算法数据高效供给 ................................... 34
artificial_intelligence,miit_ai_manufacturing_action_2026,工业和信息化部等八部门关于印发《“人工智能+制造”专项行动实施意见》的通知-国家数据局,https://www.nda.gov.cn/sjj/zwgk/zcfb/0112/20260107214358696030895_pc.html,2026,工业和信息化部等八部门,人工智能+,工业和信息化部等八部门关于印发《“人工智能+制造”专项行动实施意见》的通知
bio_manufacturing,ndrc_15th_five_year_plan_2026,中华人民共和国国民经济和社会发展第十五个五年规划纲要,https://www.ndrc.gov.cn/fggz/fzzlgh/gjfzgh/202603/U020260317369114704096.pdf,2026,国家发展改革委,生物医药,机器人、生物医药、高端装备、航空航天等战略性新兴产业发展，
bio_manufacturing,miit_ai_manufacturing_action_2026,工业和信息化部等八部门关于印发《“人工智能+制造”专项行动实施意见》的通知-国家数据局,https://www.nda.gov.cn/sjj/zwgk/zcfb/0112/20260107214358696030895_pc.html,2026,工业和信息化部等八部门,生物制造,...供应链风险预测与应急响应能力，实时感知供应链中断风险，保障食品供应稳定性。 （四）提升医药智能研发与供应管理水平。 建设人工智能驱动的新药发现与虚拟筛选平台，通过多模态药效预测大模型，加速靶点识别与候选药物发现，降低药物研发周期与成本。融合量子化学模拟与人工智能技术，精准设计药物分子结构，提升药效与安全性。加快人工智能在药物合成路径规划、原料组合优化等环节落地应用，构建自动化、高通量、低成本的智能药物合成体系。建设医药供应链...
bio_manufacturing,government_work_report_2026_spp,《政府工作报告》全文_中华人民共和国最高人民检察院,https://www.spp.gov.cn/spp/tt/202603/t20260313_723952.shtml,2026,新华社/最高人民检察院转载,生物医药,一年来，我国发展向新向优、彰显蓬勃活力。新质生产力稳步发展，科技创新成果丰硕，人工智能、生物医药、机器人、量子科技等研发应用走在世界前列，芯片自主研发有了新突破，天问二号开启“追星”之旅，北斗规模应用全面拓展，雅下水电工程开工建设，首艘国产电磁弹射型航母福建舰正式入列，国产大模型引领全球开源生态。产业结构持续优化，高技术制造业、装备制造业增加值分别增长9.4%、9.2%，工业机器人、集成电路产量分别增长28%、10.9%，新能源汽...
commercial_space,ndrc_15th_five_year_plan_2026,中华人民共和国国民经济和社会发展第十五个五年规划纲要,https://www.ndrc.gov.cn/fggz/fzzlgh/gjfzgh/202603/U020260317369114704096.pdf,2026,国家发展改革委,航空航天,机器人、生物医药、高端装备、航空航天等战略性新兴产业发展，
commercial_space,miit_ai_manufacturing_action_2026,工业和信息化部等八部门关于印发《“人工智能+制造”专项行动实施意见》的通知-国家数据局,https://www.nda.gov.cn/sjj/zwgk/zcfb/0112/20260107214358696030895_pc.html,2026,工业和信息化部等八部门,航空航天,...加强电力装备可制造性分析，智能评估部件加工难度和装配兼容性。构建人工智能驱动的健康评估与寿命预测平台，开展状态检修，提升发电、输电设备智能监控与调度优化水平。 （四）推动人工智能技术在船舶行业应用落地。 构建船舶行业大模型，探索研发设计新模式，面向大型船舶、海洋装备少人化、智能化生产需求，推进“下料－焊接－喷涂－物流”等关键工序智能化升级，推动人工智能在海洋装备制造、智慧港口等领域应用场景建设。基于数据治理、机器学习等人工智...
commercial_space,government_work_report_2026_spp,《政府工作报告》全文_中华人民共和国最高人民检察院,https://www.spp.gov.cn/spp/tt/202603/t20260313_723952.shtml,2026,新华社/最高人民检察院转载,航空航天,培育壮大新兴产业和未来产业。实施产业创新工程，鼓励央企国企带头开放应用场景，打造集成电路、航空航天、生物医药、低空经济等新兴支柱产业。建立未来产业投入增长和风险分担机制，培育发展未来能源、量子科技、生物制造、具身智能、脑机接口、6G等未来产业。构建促进专精特新中小企业发展壮大机制，培育独角兽企业。高效用好国家创业投资引导基金，大力发展创业投资、天使投资，政府投资基金要带头做耐心资本，推动更多初创企业加快成长为科技领军企业。
digital_economy,ndrc_ai_bidding_2026,【关于加快招标投标领域人工智能推广应用的实施意见(发改法规〔2026〕195号)】-国家发展和改革委员会,https://www.ndrc.gov.cn/xxgk/zcfb/tz/202602/t20260210_1403680.html,2026,国家发展改革委等部门,数据资源,...升级机制，及时更新数据集和知识库，运用招标投标专业数据进行针对性训练，不断优化模型算法，提升模型精准度。要建立用户评价反馈机制，及时收集、处理用户需求，完善应用功能，以用户反馈驱动模型迭代优化。 （十一）健全应用机制。 各地要加强人工智能应用与招标投标全流程各环节的衔接，健全模型生成内容的转化应用机制，保障模型充分发挥作用。坚持技术的辅助性定位，模型生成的结论不替代招标人、招标代理机构、投标人、评标专家等的自主判断，不改变使...
digital_economy,ndrc_15th_five_year_plan_2026,中华人民共和国国民经济和社会发展第十五个五年规划纲要,https://www.ndrc.gov.cn/fggz/fzzlgh/gjfzgh/202603/U020260317369114704096.pdf,2026,国家发展改革委,数字经济,进展，基础设施支撑能力不断提升，数字经济核心产业增加值占比
digital_economy,miit_ai_manufacturing_action_2026,工业和信息化部等八部门关于印发《“人工智能+制造”专项行动实施意见》的通知-国家数据局,https://www.nda.gov.cn/sjj/zwgk/zcfb/0112/20260107214358696030895_pc.html,2026,工业和信息化部等八部门,数字产业,...能应用指南》（见附件2），为企业智能化转型升级提供实施路径和方法指引。鼓励龙头企业、央国企等先行先试，提供规模化应用场景，研发应用工业智能体，先行探索人工智能赋能制造业新模式。深入实施中小企业数字化赋能专项行动，支持中小企业开展数字化、智能化改造，加快中小企业人工智能应用复制推广。 （七）推进重点区域推广应用。 建设并开放一批“人工智能+制造”应用场景，打造具备行业特色的创新高地。依托国家自主创新示范区、国家高新区、国家级经...
future_industries,ndrc_15th_five_year_plan_2026,中华人民共和国国民经济和社会发展第十五个五年规划纲要,https://www.ndrc.gov.cn/fggz/fzzlgh/gjfzgh/202603/U020260317369114704096.pdf,2026,国家发展改革委,未来产业,第五章 培育壮大新兴产业和未来产业 ................................... 13
future_industries,miit_ai_manufacturing_action_2026,工业和信息化部等八部门关于印发《“人工智能+制造”专项行动实施意见》的通知-国家数据局,https://www.nda.gov.cn/sjj/zwgk/zcfb/0112/20260107214358696030895_pc.html,2026,工业和信息化部等八部门,前沿技术,...赋能应用主力军 （十二）梯次培育企业。 支持企业加大创新投入，积极承担国家重大任务，集聚资源打造具有全球影响力的生态主导型企业。发展人工智能企业孵化器，实施中小企业创业支持计划，梯次培育更多人工智能专精特新“小巨人”企业、高新技术企业、制造业单项冠军企业、独角兽企业和瞪羚企业。鼓励有关地方给予企业“算力券”“模型券”等支持，强化赋能中小企业公共服务，降低企业开发应用成本。 （十三）打造创新载体。 建设人工智能领域国家制造业创...
future_industries,government_work_report_2026_spp,《政府工作报告》全文_中华人民共和国最高人民检察院,https://www.spp.gov.cn/spp/tt/202603/t20260313_723952.shtml,2026,新华社/最高人民检察院转载,未来产业,二是坚持创新驱动发展，建设现代化产业体系。全面推进科技强国建设战略部署，强化国家战略科技力量建设，完善区域科技创新体系，加强基础前沿领域体系化布局和关键核心技术攻关。全社会研发经费投入强度达到2.8%，技术合同成交额增长10.8%。科技创新和产业创新融合加快，传统产业转型升级不断深入，新兴产业、未来产业蓬勃发展，现代服务业保持快速发展势头。聚焦重点领域制定修订583项国家标准。持续推进制造业数字化转型和“人工智能+”行动，行业应用...
green_low_carbon,ndrc_15th_five_year_plan_2026,中华人民共和国国民经济和社会发展第十五个五年规划纲要,https://www.ndrc.gov.cn/fggz/fzzlgh/gjfzgh/202603/U020260317369114704096.pdf,2026,国家发展改革委,绿色低碳,至 79 岁以上，脱贫攻坚成果巩固拓展。绿色低碳转型步伐加快，
green_low_carbon,miit_ai_manufacturing_action_2026,工业和信息化部等八部门关于印发《“人工智能+制造”专项行动实施意见》的通知-国家数据局,https://www.nda.gov.cn/sjj/zwgk/zcfb/0112/20260107214358696030895_pc.html,2026,工业和信息化部等八部门,绿色低碳,...秒级调优。开发模块化、智能化的电子信息制造装备及低时延网络，支持消费电子、新型显示行业多品种小批量生产，大幅压缩换线时间，提升设备综合效率。 （三）强化电子信息元件与产品质量管控能力。 加快构建电子信息行业知识图谱，实现质量根因智能分析，构建全流程质量管控平台。开发覆盖印刷电路板设计、芯片封装等环节的在线质检系统，融合机器视觉、无损检测及多光谱识别技术，提升电子元器件检测效率和精度。建立电子信息产品质量缺陷知识库与预测模型，...
green_low_carbon,government_work_report_2026_spp,《政府工作报告》全文_中华人民共和国最高人民检察院,https://www.spp.gov.cn/spp/tt/202603/t20260313_723952.shtml,2026,新华社/最高人民检察院转载,新能源,一年来，我国发展向新向优、彰显蓬勃活力。新质生产力稳步发展，科技创新成果丰硕，人工智能、生物医药、机器人、量子科技等研发应用走在世界前列，芯片自主研发有了新突破，天问二号开启“追星”之旅，北斗规模应用全面拓展，雅下水电工程开工建设，首艘国产电磁弹射型航母福建舰正式入列，国产大模型引领全球开源生态。产业结构持续优化，高技术制造业、装备制造业增加值分别增长9.4%、9.2%，工业机器人、集成电路产量分别增长28%、10.9%，新能源汽...
integrated_circuit,ndrc_15th_five_year_plan_2026,中华人民共和国国民经济和社会发展第十五个五年规划纲要,https://www.ndrc.gov.cn/fggz/fzzlgh/gjfzgh/202603/U020260317369114704096.pdf,2026,国家发展改革委,集成电路,01 集成电路
integrated_circuit,miit_ai_manufacturing_action_2026,工业和信息化部等八部门关于印发《“人工智能+制造”专项行动实施意见》的通知-国家数据局,https://www.nda.gov.cn/sjj/zwgk/zcfb/0112/20260107214358696030895_pc.html,2026,工业和信息化部等八部门,集成电路,...造业数智化转型服务体系，建设一批人工智能赋能应用加速器，培育优质赋能应用服务商，打造标准化和定制化结合的赋能解决方案，提供行业模型调优、数据治理、安全保障等服务。鼓励工业企业、人工智能企业、工业互联网企业集聚工具、技术、平台等资源，打造生态伙伴型服务商。支持电信运营商和央国企数智科技公司提升服务能力，承接行业赋能应用服务。指导相关行业组织，定期发布优质服务商目录等。 六、生态壮大：加强资源配置优化产业生态 （十五）强化标准引...
integrated_circuit,government_work_report_2026_spp,《政府工作报告》全文_中华人民共和国最高人民检察院,https://www.spp.gov.cn/spp/tt/202603/t20260313_723952.shtml,2026,新华社/最高人民检察院转载,集成电路,一年来，我国发展向新向优、彰显蓬勃活力。新质生产力稳步发展，科技创新成果丰硕，人工智能、生物医药、机器人、量子科技等研发应用走在世界前列，芯片自主研发有了新突破，天问二号开启“追星”之旅，北斗规模应用全面拓展，雅下水电工程开工建设，首艘国产电磁弹射型航母福建舰正式入列，国产大模型引领全球开源生态。产业结构持续优化，高技术制造业、装备制造业增加值分别增长9.4%、9.2%，工业机器人、集成电路产量分别增长28%、10.9%，新能源汽...
low_altitude_economy,ndrc_low_altitude_insurance_2026,【关于推动低空保险高质量发展的实施意见(发改低空〔2026〕123号)】-国家发展和改革委员会,https://www.ndrc.gov.cn/xxgk/zcfb/tz/202602/t20260212_1403717.html,2026,国家发展改革委/金融监管总局/中国民航局,低空经济,...页 > 政务公开 > 政策 > 通知 关于推动低空保险高质量发展的实施意见(发改低空〔2026〕123号) 发布时间：2026/02/12 来源： 低空司 [ 打印 ] 国家发展改革委 金融监管总局 中国民航局 关于推动低空保险高质量发展的实施意见 发改低空〔2026〕123号 各省、自治区、直辖市及计划单列市、新疆生产建设兵团发展改革委，各金融监管局，民航各地区管理局： 低空保险是以保障低空飞行活动为核心，为低空航空器制造...
low_altitude_economy,ndrc_15th_five_year_plan_2026,中华人民共和国国民经济和社会发展第十五个五年规划纲要,https://www.ndrc.gov.cn/fggz/fzzlgh/gjfzgh/202603/U020260317369114704096.pdf,2026,国家发展改革委,低空经济,展海洋经济发展空间，推进低空经济健康有序发展。实施新技术新
low_altitude_economy,miit_ai_manufacturing_action_2026,工业和信息化部等八部门关于印发《“人工智能+制造”专项行动实施意见》的通知-国家数据局,https://www.nda.gov.cn/sjj/zwgk/zcfb/0112/20260107214358696030895_pc.html,2026,工业和信息化部等八部门,无人机,...合应用，针对能源和碳排放管理、资源循环利用等场景需求，研发推广智能化绿色化协同解决方案。打造一批面向行业的应用安全解决方案，加快安全大模型、智能体等落地应用，构建安全运行体系，提升工业领域安全水平。 四、产品突破：构建智能新产品新业态 （九）推动智能装备迭代。 加快工业母机、工业机器人等各类工业装备搭载应用智能体，研制新一代人工智能数控系统，提升自主决策、分析和执行等能力。加快发展手术机器人、智能诊断系统等，加速智能医疗装备...
new_materials,ndrc_15th_five_year_plan_2026,中华人民共和国国民经济和社会发展第十五个五年规划纲要,https://www.ndrc.gov.cn/fggz/fzzlgh/gjfzgh/202603/U020260317369114704096.pdf,2026,国家发展改革委,先进材料,产品，推进先进材料、跨尺度制造等创新应用。实施重大技术装备
new_materials,miit_ai_manufacturing_action_2026,工业和信息化部等八部门关于印发《“人工智能+制造”专项行动实施意见》的通知-国家数据局,https://www.nda.gov.cn/sjj/zwgk/zcfb/0112/20260107214358696030895_pc.html,2026,工业和信息化部等八部门,新材料,...）提升钢铁行业全流程智能化水平。 构建钢铁行业数据集、知识库公共产品，打造人工智能工程化应用平台，提供智能化解决方案。研发覆盖钢铁生产全流程的系列动态模型，基于钢铁机理知识和生产实践经验，研发视觉、预测、决策等钢铁行业大模型、智能体，实现关键设备运行工况的实时感知、工艺参数的自适应优化、产品性能预报、质量缺陷溯源、调度任务的全局优化和实时智能调整等。推动人工智能赋能钢铁行业全流程，提高生产效率、产品质量、资源效能、安全和服务...
new_materials,government_work_report_2024_ndrc,【《政府工作报告》（全文）】-国家发展和改革委员会,https://www.ndrc.gov.cn/fzggw/jgsj/zys/sjdt/202403/t20240320_1365089.html,2024,新华社/国家发展改革委转载,新材料,积极培育新兴产业和未来产业。实施产业创新工程，完善产业生态，拓展应用场景，促进战略性新兴产业融合集群发展。巩固扩大智能网联新能源汽车等产业领先优势，加快前沿新兴氢能、新材料、创新药等产业发展，积极打造生物制造、商业航天、低空经济等新增长引擎。制定未来产业发展规划，开辟量子技术、生命科学等新赛道，创建一批未来产业先导区。鼓励发展创业投资、股权投资，优化产业投资基金功能。加强重点行业统筹布局和投资引导，防止产能过剩和低水平重复建设。
quantum_technology,ndrc_15th_five_year_plan_2026,中华人民共和国国民经济和社会发展第十五个五年规划纲要,https://www.ndrc.gov.cn/fggz/fzzlgh/gjfzgh/202603/U020260317369114704096.pdf,2026,国家发展改革委,量子,用仪器仪表研发，推进量子计量、原位计量等新型计量校准仪器仪表攻关。
quantum_technology,miit_ai_manufacturing_action_2026,工业和信息化部等八部门关于印发《“人工智能+制造”专项行动实施意见》的通知-国家数据局,https://www.nda.gov.cn/sjj/zwgk/zcfb/0112/20260107214358696030895_pc.html,2026,工业和信息化部等八部门,量子,...管理体系。 鼓励应用人工智能技术，丰富食品工业人工智能大模型产品供给。组织食品企业、专业化服务商提供食品生产智能监控溯源、食品园区“5G+工业互联网”、原料生产供应智慧管理等智能化解决方案。加快多模态安全生产监控大模型研发部署，提升食品生产现场违规操作与危险行为实时识别能力。提升供应链风险预测与应急响应能力，实时感知供应链中断风险，保障食品供应稳定性。 （四）提升医药智能研发与供应管理水平。 建设人工智能驱动的新药发现与虚拟...
quantum_technology,government_work_report_2026_spp,《政府工作报告》全文_中华人民共和国最高人民检察院,https://www.spp.gov.cn/spp/tt/202603/t20260313_723952.shtml,2026,新华社/最高人民检察院转载,量子科技,一年来，我国发展向新向优、彰显蓬勃活力。新质生产力稳步发展，科技创新成果丰硕，人工智能、生物医药、机器人、量子科技等研发应用走在世界前列，芯片自主研发有了新突破，天问二号开启“追星”之旅，北斗规模应用全面拓展，雅下水电工程开工建设，首艘国产电磁弹射型航母福建舰正式入列，国产大模型引领全球开源生态。产业结构持续优化，高技术制造业、装备制造业增加值分别增长9.4%、9.2%，工业机器人、集成电路产量分别增长28%、10.9%，新能源汽...
